,Alay,KBBI
0,ajh,saja
1,ajj,saja
2,akoh,aku
3,amaca,ah masa
4,amuh,kamu
5,aph,apa
6,apose,apa
7,apz,apa
8,aq,saya
9,baryaw,sabar ya
10,baryw,sabar ya
11,bryaw,sabar ya
12,bryw,sabar ya
13,bay,selamat tinggal
14,besoq,besok
15,beud,banget
16,bhay,selamat tinggal
17,bisya,bisa
18,biza,bisa
19,bntr,sebentar
20,bokap,ayah
21,bkap,ayah
22,bkp,ayah
23,bokaps,ayah
24,bokapz,ayah
25,bs,bisa
26,bsa,bisa
27,bsk,besok
28,bsoq,besok
29,bte,bosan
30,bozen,bosan
31,bozn,bosan
32,bzn,bosan
33,bzen,bosan
34,cabut,pergi
35,caiank,sayang
36,cekola,sekolah
37,cekolah,sekolah
38,celalaw,selalu
39,celalu,selalu
40,cemungudh,semangat
41,cemungut,semangat
42,cemunguth,semangat
43,cibuq,sibuk
44,cini,sini
45,ciyus,serius
46,cll,selalu
47,cllu,selalu
48,cllw,selalu
49,cpe,capek
50,cpee,capek
51,cewe,cewek
52,cwe,cewek
53,cowo,cowok
54,cwo,cowok
55,dah,sudah
56,dapa,ada apa
57,dapah,ada apa
58,dftr,daftar
59,dh,sudah
60,dimance,dimana
61,dimandose,dimana
62,dimans,dimana
63,duluw,dulu
64,ea,ya
65,emg,memang
66,eteb,bosan
67,g,tidak
68,ga,tidak
69,gabut,menganggur
70,gak,tidak
71,gakz,tidak
72,gatau,tidak tahu
73,gataw,tidak tahu
74,gengges,ganggu
75,ghiy,lagi
76,gi,lagi
77,gk,tidak
78,gpp,tidak apa apa
79,gtw,tidak tahu
80,gue,saya
81,gw,saya
82,gx,tidak
83,hums,rumah
84,humz,rumah
85,huum,iya
86,iy,iya
87,iyach,iya
88,iyap,iya
89,iyapz,iya
90,iyup,iya
91,iyupz,iya
92,iz,iya
93,iza,iya
94,izza,iya
95,jamber,jam berapa
96,jd,jadi
97,jdi,jadi
98,jg,juga
99,jga,juga
100,jgn,jangan
101,jngan,jangan
102,jngn,jangan
103,kacian,kasihan
104,kaka,kakak
105,kau,kamu
106,keles,kali
107,kenapah,kenapa
108,kenaps,kenapa
109,kenapz,kenapa
110,kepo,ingin tahu
111,keyen,keren
112,khan,kan
113,khanz,kan
114,kk,kakak
115,klo,kalau
116,klw,kalau
117,km,kamu
118,kmrn,kemarin
119,kmu,kamu
120,knp,kenapa
121,koq,kok
122,kpan,kapan
123,kpn,kapan
124,kuq,kok
125,kuy,ayo
126,kw,kamu
127,kzl,kesal
128,lam,salam
129,leh,boleh
130,lo,kamu
131,loe,kamu
132,lom,belum
133,low,kalau
134,lp,lupa
135,lu,kamu
136,luchu,lucu
137,lum,belum
138,lun,belum
139,luthu,lucu
140,lw,kamu
141,maacih,terima kasih
142,maap,maaf
143,mager,malas bergerak
144,makaci,terima kasih
145,maw,mau
146,miapa,demi apa
147,miapah,demi apa
148,misal'a,misalnya
149,muup,maaf
150,mu'uv,maaf
151,mw,mau
152,nak,anak
153,naq,anak
154,nax,anak
155,nda,tidak
156,ndak,tidak
157,ndax,tidak
158,ngabungin,menggabungkan
159,ngajak,mengajak
160,ngerokok,merokok
161,ngga,tidak
162,nggak,tidak
163,nggax,tidak
164,nggesek,menggesek
165,nggosok,menggosok
166,ngibul,berbohong
167,nyokap,ibu
168,nykap,ibu
169,nykaps,ibu
170,nykapz,ibu
171,nykp,ibu
172,nich,ini
173,nntn,menonton
174,ntn,menonton
175,oc,oke
176,oce,oke
177,ohh,oh
178,ok,oke
179,okedech,oke
180,okedeh,oke
181,okeh,oke
182,okz,oke
183,org,orang
184,ouch,oh
185,ouh,oh
186,owh,oh
187,pasutri,pasangan suami istri
188,paz,pas
189,pengen,ingin
190,pengin,ingin
191,pgn,ingin
192,psti,pasti
193,pzt,pasti
194,q,saya
195,qaqa,kakak
196,qq,kakak
197,rmh,rumah
198,sabeb,bebas
199,sabi,bisa
200,salfok,salah fokus
201,saltum,salah kostum
202,sdh,sudah
203,selaw,santai
204,selow,santai
205,shap,siap
206,shaps,siap
207,syipp,sip
208,syp,siapa
209,tau,tahu
210,tauk,tahu
211,tdk,tidak
212,telp,telepon
213,tgl,tanggal
214,thx,terima kasih
215,tipi,televisi
216,tp,tapi
217,tq,terima kasih
218,trims,terima kasih
219,trimz,terima kasih
220,tuch,itu
221,tw,tahu
222,u,kamu
223,udah,sudah
224,udd,sudah
225,udh,sudah
226,uga,juga
227,von,telepon
228,w,saya
229,wad,buat
230,wat,buat
231,yank,sayang
232,yap,ya
233,yaw,ya
234,yoi,iya
235,yups,ya
236,yupz,ya
237,woww,wow
238,aminn,amin
239,met,selamat
240,netaas,menetas
241,keberpa,keberapa
242,eeeehhhh,eh
243,kata2nyaaa,kata-katanya
244,hallo,halo
245,ka,kak
246,daah,dah
247,aaaaahhhh,ah
248,yaa,ya
249,smga,semoga
250,slalu,selalu
251,amiin,amin
252,trus,terus
253,sii,sih
254,nyenengin,menyenangkan
255,bgt,banget
256,gemess,gemas
257,akuuu,aku
258,gitu,begitu
259,aja,saja
260,gemesiin,menggemaskan
261,menyenangkn,menyenangkan
262,rb,ribu
263,akau,aku
264,saranin,menyarankan
265,nemuin,menemukan
266,yah,ya
267,mnis2nya,manis-manisnya
268,gtu,begitu
269,tu,itu
270,idolaa,idola
271,bangett,banget
272,kaakk,kak
273,baaiikkk,baik
274,telaatt,telat
275,kaak,kak
276,yg,yang
277,lg,lagi
278,skarang,sekarang
279,sempet,sempat
280,karna,karena
281,mantep,mantap
282,loohhh,loh
283,yeee,ya
284,baguuuuus,bagus
285,sampe,sampai
286,ngikutin,mengikuti
287,gayany,gayanya
288,bnk,bang
289,awaas,awas
290,siip,sip
291,abizzzz,habis
292,kerrrrennnn,keren
293,sayaa,saya
294,sma,sama
295,sdkit,sedikit
296,bngt,banget
297,lgu,lagu
298,bener2,benar-benar
299,kharismanya,karismanya
300,lgi,lagi
301,kek,kayak
302,lgunya,lagunya
303,kereeeeennnn,keren
304,nyamain,menyamakan
305,lakik,laki
306,siippp,sip
307,bkn,bukan
308,nyangka,menyangka
309,bangettt,banget
310,kereeen,keren
311,wihhhhhh,wih
312,inget,ingat
313,bingitsss,banget
314,dmn,dimana
315,bird,biru
316,kaloo,kalo
317,gimna,bagaimana
318,tuuh,tuh
319,nyebur,mencebur
320,yng,yang
321,dbuat,dibuat
322,kn,kan
323,pingin,pengin
324,bangcat,bangsat
325,yha,ya
326,waoohhh,wah
327,pngn,pengin
328,tmpt,tempat
329,dhe,deh
330,indahhh,indah
331,bgttt,banget
332,tuhh,tuh
333,berarto,berarti
334,aamiin,amin
335,amiiinn,amin
336,dgn,dengan
337,aminnnn2,amin-amin
338,amiiiin,amin
339,aminnn,amin
340,amiend,amien
341,yaaa,ya
342,ameen,amin
343,aminnnn,amin
344,amiiinnn,amin
345,ngomong,mengomong
346,mamer,memamerkan
347,jelase,jelas
348,liat,lihat
349,uwakk,uwak
350,ntar,entar
351,gini,begini
352,njir,anjir
353,piiink,pink
354,astgfrullah,astagfirullah
355,ko,kok
356,cd,celana dalam
357,gbs,enggak bisa
358,bhs,bahasa
359,yaaaaaa,ya
360,bangshad,bangsat
361,stagahhhh,astaga
362,iooo,lo
363,dy,dia
364,d,ada
365,mslh,masalah
366,qt,kita
367,plampiasannn,pelampiasan
368,masalahh,masalah
369,tohh,toh
370,inghinn,ingin
371,dhi,di
372,mengherthii,mengerti
373,yanckh,yang
374,chelalyyu,selalu
375,therchakitty,tersakiti
376,mauuuuu,mau
377,kaliii,kali
378,bangat,banget
379,bkin,bikin
380,dongg,dong
381,yokkk,yuk
382,yu,yuk
383,sweger,segar
384,gantengg,ganteng
385,bingiit,banget
386,kebukaaa,terbuka
387,tpi,tapi
388,keliatan,kelihatan
389,yakk,ya
390,kayakk,kayak
391,asliii,asli
392,kyk,kayak
393,cntiknya,cantiknya
394,bat,banget
395,ngeliatnya,melihatnya
396,sll,selalu
397,bet,banget
398,njerr,anjir
399,bingiiittttzzzz,banget
400,k,kak
401,dooong,dong
402,masi,masih
403,gni,begini
404,hdk,hendak
405,jugaa,juga
406,mksud,maksud
407,aj,saja
408,tetep,tetap
409,mbakx,mbaknya
410,syantik,cantik
411,kite,kita
412,pa,apa
413,mksd,maksud
414,bejilbbnya,berjilbabnya
415,masio,masih
416,yahhh,ya
417,makasih,terima kasih
418,ugaaa,juga
419,jerewi,jerawat
420,ilang,hilang
421,jilbabnyaah,jilbabnya
422,yuuuk,yuk
423,warnaaa,warna
424,punyaaa,punya
425,cantiik,cantik
426,sukaaak,suka
427,kebayanyaa,kebayanya
428,mantes,memantas
429,merekaaaa,mereka
430,jugaaa,juga
431,gilaaaa,gila
432,tiga2nya,tiga-tiganya
433,lucuu,lucu
434,emessss,gemas
435,ucullllll,lucu
436,males,malas
437,bangeettt,banget
438,gemesshh,gemas
439,apaaa,apa
440,ampuunn,ampun
441,ciuuuummmm,cium
442,mbil,sambil
443,ngmng,mengomong
444,ngemeng,mengomong
445,epe,apa
446,seehh,sih
447,ucul,lucu
448,yahh,ya
449,ngakak,mengakak
450,astagfirrullah,astagfirullah
451,suerrr,suer
452,mnta,minta
453,syg,sayang
454,ntik,cantik
455,pny,punya
456,dapet,dapat
457,suru,suruh
458,lucuuuu,lucu
459,ketawakkkk,ketawa
460,kyanya,kayanya
461,bnget,banget
462,nakutin,menakutkan
463,malingg,maling
464,cocokk,cocok
465,niihh,nih
466,imutttttt,imut
467,satuuuuu,satu
468,sesekk,sesak
469,nafass,nafas
470,bgtt,banget
471,cintaaaaaaa,cinta
472,lucuk,lucu
473,ma,sama
474,duluu,dulu
475,megang,memegang
476,kawinin,mengawini
477,liatin,memperlihatkan
478,ny,nya
479,bdan,badan
480,nyaaa,nya
481,gemesin,menggemaskan
482,fotoin,memfoto
483,ngaku,mengaku
484,kaaa,kak
485,ganteng2,ganteng-ganteng
486,pcarny,pacarnya
487,kri,kiri
488,knpa,kenapa
489,pda,pada
490,cmn,cuman
491,gara2,gara-gara
492,garuk2,garuk-garuk
493,tembokk,tembok
494,namax,namanya
495,kiriii,kiri
496,bungkusin,bungkuskan
497,atu,satu
498,dehhhh,deh
499,kakk,kak
500,ngegantiin,menggantikan
501,alloh,allah
502,smpe,sampai
503,msh,masih
504,trsa,terasa
505,khadirannya,kehadirannya
506,fikiran,pikiran
507,hayalanku,khayalanku
508,bru,baru
509,nton,menonton
510,ngapain,mengapai
511,surgaa,surga
512,kangenn,kangen
513,kgn,kangen
514,kakkkkk,kak
515,rinduuuuuuuuu,rindu
516,ninggalin,meninggalkan
517,smg,semoga
518,terangkhn,terangkan
519,bgtttt,banget
520,tuk,untuk
521,slama,selama
522,orng,orang
523,bngunlah,bangunlah
524,bngun,bangun
525,qu,ku
526,hiri,hari
527,"teman""ny",teman-temannya
528,aza,saja
529,dr,dari
530,alm,almarhum
531,skrg,sekarang
532,sie,sih
533,benet,benar
534,bangetttt,banget
535,tuu,tuh
536,skrang,sekarang
537,gda,enggak ada
538,gantiin,menggantikan
539,kta,kata
540,kklau,kalau
541,acra,acara
542,kasian,kasihan
543,yaaa ,ya
544,bnerr,benar
545,emk,emak
546,temenn,teman
547,pngenn,pengin
548,terkenall,terkenal
549,ajhh,saja
550,sungguh2,sungguh-sungguh
551,mnjadi,menjadi
552,shbt,sahabat
553,bner,benar
554,ktny,katanya
555,dimusiumin,dimuseumkan
556,bntu,bantu
557,dlu,dulu
558,kangem,kangen
559,amiiin,amin
560,smua,semua
561,slmt,selamat
562,jln,jalan
563,"mudh""an",mudah-mudahan
564,tenny,tenang
565,tnya,tanya
566,blm,belum
567,td,tadi
568,sblm,sebelum
569,bole,boleh
570,lahhh,lah
571,cm,cuma
572,wkt,waktu
573,ama,sama
574,ak,aku
575,lht,lihat
576,biasa2,biasa-biasa
577,mnrtkuu,menurutku
578,trs,terus
579,ikutin,mengikuti
580,jdwl,jadwal
581,wajiiib,wajib
582,aaaammmiiiinnnn,amin
583,dtnggu,ditunggu
584,jan,jangan
585,kunjungin,kunjungi
586,lagiiii,lagi
587,waktunyaaa,waktunya
588,diluangin,diluangkan
589,mimin,admin
590,istimewaaa,istimewa
591,blom,belum
592,nangis,menangis
593,"ngaku""",mengaku-ngaku
594,diaa,dia
595,donkk,dong
596,kejawab,terjawab
597,yaaaa,ya
598,seru2an,seru-seruan
599,mohom,mohon
600,kebalas,terbalas
601,nyempetin,menyempatkan
602,wktunya,waktunya
603,kaaaa,kak
604,ngobrol,mengobrol
605,namain,menamai
606,bls,balas
607,ijap,ijab
608,kobul,kabul
609,co,cowok
610,pst,pasti
611,inggat,ingat
612,brdua,berdua
613,masing2,masih
614,sanggat,sangat
615,siipp,sip
616,laa,lah
617,dlm,dalam
618,hdup,hidup
619,hdp,hidup
620,kedpan,kedepan
621,smoga,semoga
622,mndaptkan,mendapatkan
623,"nutup""in",menutup-nutupi
624,iyah,iya
625,sja,saja
626,kakkk,kak
627,za,saja
628,mulut2,mulut-mulut
629,peengn,pengin
630,muantteepp,mantap
631,cpt,cepat
632,mrit,merit
633,y,ya
634,ngapasih,mengapa sih
635,ni,ini
636,segitunya,sebegitunya
637,fto,foto
638,pke,pakai
639,sisain,menyisakan
640,slamt,selamat
641,nantiii,nanti
642,edaaan,edan
643,tunggu2,tunggu-tunggu
644,sehat2,sehat-sehat
645,ciyeeeeeee,cie
646,pantes,pantas
647,lairannya,kelahirannya
648,jmnya,jamnya
649,ajha,saja
650,nyaaaa,nya
651,nyari,mencari
652,amiien,amien
653,terbaikkk,terbaik
654,ayahh,ayah
655,ae,saja
656,ngerti,mengerti
657,mrekaaaa,mereka
658,yaampuuuunnnn,ya ampun
659,nyanyiin,menyanyikan
660,ahhh,ah
661,pgen,pengin
662,tempt,tempat
663,kh,kah
664,bgini,begini
665,brani,berani
666,jalan2,jalan-jalan
667,asyikkkkk,asyik
668,iriiiii,iri
669,naaaaahh,nah
670,kka,kakak
671,yak,ya
672,ttep,tetap
673,sperti,seperti
674,jrang,jarang
675,msuk,masuk
676,gossip2.an,gosip-gosipan
677,makkk,mak
678,guee,gue
679,pengennn,pengin
680,gilzz,gila
681,nyaru,menyaru
682,gilaaa,gila
683,kebarat2an,kebarat-baratan
684,mantabs,mantab
685,jgan,jangan
686,mlu,malu
687,payahh,payah
688,ntaf,mantap
689,beneran,benaran
690,"mudah""n",mudah-mudahan
691,gada,enggak ada
692,milikin,memiliki
693,kamo,kamu
694,inih,ini
695,sukaaaa,suka
696,sukaaaaaa,suka
697,kirain,mengira
698,mehoonggggg,mahal
699,apikkkk,apik
700,yach,ya
701,kereenn,keren
702,ginii,begini
703,ayoook,ayo
704,yoiii,yoi
705,gituuu,begitu
706,iyaaa,iya
707,liptsk,lipstik
708,nyeplak,menjiplak
709,cw,cewek
710,kmarin,kemarin
711,mengncang,mengencang
712,tauu,tau
713,ksh,kasih
714,skrng,sekarang
715,mksh,terima kasih
716,ank,anak
717,skitar,sekitar
718,ktmu,ketemu
719,tmen,teman
720,ats,atas
721,donk,dong
722,heii,hai
723,diputusin,diputuskan
724,pcrnya,pacarnya
725,mnjual,menjual
726,ngadain,mengadakan
727,kkak,kakak
728,rekomendasiin,merekomendasikan
729,sihhh,sih
730,cooocok,cocok
731,mrip,mirip
732,mama.nyy,mamanya
733,bosenin,membosankan
734,bukn,bukan
735,sey,sih
736,cantikkk,cantik
737,banger,banget
738,kaa,kak
739,eakyu,waktu
740,cntik,cantik
741,kakanya,kakaknya
742,doeloe,dulu
743,cantikkkk,cantik
744,bngtt,banget
745,iyak,iya
746,malh,malah
747,mlah,malah
748,ngak,enggak
749,laki2,laki-laki
750,gag,enggak
751,fhotonya,fotonya
752,bleh,boleh
753,brp,berapa
754,tnggl,tanggal
755,tanteny,tantenya
756,ky,kaya
757,sklinyaa,sekalinya
758,ayoo,ayo
759,dramaa,drama
760,niiih,nih
761,bisaa,bisa
762,lha,lah
763,dunk,dong
764,lihaat,lihat
765,yuwkkk,yuk
766,nnti,nanti
767,editannn,editan
768,thu,tuh
769,mai,mau
770,kamuu,kamu
771,pastii,pasti
772,bisaaa,bisa
773,kejuu,keju
774,kereen,keren
775,nama.a,namanya
776,kmauan,kemauan
777,ahhhh,ah
778,yuuuuk,yuk
779,dmana,dimana
780,disiniii,disini
781,cobaa,coba
782,bayangin,bayangkan
783,yaudh,ya sudah
784,dl,dulu
785,ajaaa,saja
786,tuhhh,tuh
787,amploppp,amplop
788,mo,mau
789,sayangg'',sayang-sayang
790,nantii,nanti
791,aminnnnn,amin
792,gakuat,enggak kuat
793,yukkkk,yuk
794,nged,banget
795,nantik,nanti
796,ksitu,kesitu
797,bangeett,banget
798,liad,lihat
799,kluarga,keluarga
800,biasahhh,biasa
801,tutorialx,tutorialnya
802,dpke,dipakai
803,fhoto,foto
804,kerenn,keren
805,binggo,banget
806,rekomndd,rekomendasi
807,bli2n,beli-belikan
808,bwt,buat
809,wado,waduh
810,guaa,gua
811,yaakkk,ya
812,bangetttttyt,banget
813,bangettttt,banget
814,bangg,bang
815,kangeeeeeeeeennnnnnnn,kangen
816,kaliannnnnn,kalian
817,rinduuuuuuuuuu,rindu
818,kangennnnnmnnnnnnnnnnnnnnnnn,kangen
819,kaliannnnnm,kalian
820,kangeeeeeeeeeeennnnn,kangen
821,kangennnnnnnnnnnnnnnn,kangen
822,kangennn,kangen
823,kaliannnnnnn,kalian
824,th2,tahun-tahun
825,smpt,sempat
826,blg,bilang
827,trserah,terserah
828,ad,ada
829,prnah,pernah
830,wlwpun,walaupun
831,trpsah,terpisah
832,mmg,memang
833,prsatukn,persatukan
834,slh,salah
835,ngomng,mengomong
836,mdh2an,mudah-mudahan
837,sm,sama
838,skedar,sekadar
839,kangeeerrn,kangen
840,pulak,pula
841,terrrrbaik,terbaik
842,jorookknya,joroknya
843,ihhhhh,ih
844,padahall,padahal
845,jorokkkk,jorok
846,mualll,mual
847,klow,kalau
848,muke,muka
849,taiiii,tahi
850,seneeeeeng,senang
851,nyesel,menyesal
852,besarin,membesarkan
853,tanyang,tayang
854,ber2,berdua
855,ngelarang,melarang
856,kerreeen,keren
857,pantess,pantas
858,bngettt,banget
859,baperr,bawa perasaan
860,sudh,sudah
861,sbr,sabar
862,pngen,pengin
863,ht,hati
864,pemainy,pemainnya
865,aqu,aku
866,ngeliat,melihat
867,baper,bawa perasaan
868,akn,akan
869,nyampe,sampai
870,kbawa,terbawa
871,bradegan,beradegan
872,amiiinnnn,amin
873,mlm,malam
874,nikahin,menikahi
875,hadeuh,aduh
876,nyambung,menyambung
877,liyat,lihat
878,krn,karena
879,sk,suka
880,adengan,adegan
881,engga,enggak
882,bingit,banget
883,dapetin,mendapati
884,model2,model-model
885,sitayngin,ditayangkan
886,cocokkk,cocok
887,mahhhh,mah
888,cocokny,cocoknya
889,iniw,ini
890,setju,setuju
891,bnern,benaran
892,pcrn,pacaran
893,klian,kalian
894,cocokkkk,cocok
895,bngett,banget
896,abes,habis
897,br,baru
898,mksdny,maksudnya
899,brpa,berapa
900,ihh,ih
901,kesampean,kesampaian
902,beginiiii,begini
903,ntr,entar
904,beliin,membelikan
905,kya,kaya
906,keq,kek
907,ngerasa,merasa
908,sygkuu,sayangku
909,ngeselin,mengesalkan
910,baju'a,bajunya
911,gara'',gara-gara
912,teruss,terus
913,pokok'a,pokoknya
914,bg,bang
915,ubur2,ubur-ubur
916,kuyy,yuk
917,bentarr,bentar
918,dureen,duren
919,ajibb,ajib
920,mahall,mahal
921,yukk,yuk
922,niiihh,nih
923,imuuttt,imut
924,imuttzz,imut
925,nha,nya
926,konten2,konten-konten
927,rasain,rasai
928,daaaah,deh
929,asliiii,asli
930,cantiknnnnyaaaaaaa,cantiknya
931,yuuk,yuk
932,ngelihatnya,melihatnya
933,bdn,badan
934,na,nya
935,ibu2,ibu-ibu
936,lau,kau
937,cantikk,cantik
938,sexxi,seksi
939,bulet,bulat
940,ituu,itu
941,ngocok,mengocok
942,nyoba,mencoba
943,gn,begini
944,yaahhh,ya
945,kencqng,kencang
946,kra,kira
947,diginikan,dibeginikan
948,"coret""",coret-coret
949,lahh,lah
950,gambarin,gambarkan
951,ngerii,ngeri
952,digambarin,digambarkan
953,klen,kalian
954,bangke,bangkai
955,kog,kok
956,liatnya,lihatnya
957,bedanyaaa,bedanya
958,negri,negeri
959,mbk,mbak
960,pgin,pengin
961,krudungan,kerudungan
962,ajaa,saja
963,maksutku,maksudku
964,kerennnnn,keren
965,njirr,anjir
966,jd'y,jadinya
967,manisnyaaaa,manisnya
968,thun,tahun
969,mbg,mbak
970,bangeet,banget
971,ngaco,mengaco
972,ngomen,mengomentari
973,kaaakk,kak
974,gituh,begitu
975,tenggah,tengah
976,uuuuuaaaaaaaaaappppppppppiiiiiiiiiiiiiiiiiikkkkkkkkkkkkkkkk,apik
977,kocakkkkkkkkkkkkkk,kocak
978,ksukaanmuuu,kesukaanmu
979,bagiii,bagi
980,ayooo,ayo
981,nontonx,menontonnya
982,dpn,depan
983,pi,tapi
984,penasarannnn,penasaran
985,gilakkkkkk,gila
986,mauuu,mau
987,nontoonnn,menonton
988,cepet2,cepat-cepat
989,kepingin,pengin
990,nontonnnn,menonton
991,deeek,dek
992,ntappp,mantap
993,deg2an,deg-degan
994,cyiiin,cinta
995,iyha,iya
996,kureeeen,keren
997,muantaap,mantap
998,pake,pakai
999,ngantri,mengantri
1000,bli,beli
1001,nraktir,mentraktir
1002,nonton,menonton
1003,sbnyak,sebanyak
1004,penasaraaann,penasaran
1005,ayoooo,ayo
1006,nii,ini
1007,nontonya,menontonnya
1008,kl,kalau
1009,nunggu,menunggu
1010,dpt,dapat
1011,qta,kita
1012,peen,pengin
1013,gga,enggak
1014,yaah,ya
1015,asikkk,asik
1016,gilak,gila
1017,mcm,macam
1018,ceritax,ceritanya
1019,yoooiii,yoi
1020,udahh,sudah
1021,tauuuuu,tau
1022,sabarrrrr,sabar
1023,kqmu,kamu
1024,banggain,banggakan
1025,thn,tahun
1026,pengan,pengin
1027,sendeng,senang
1028,simpen,simpan
1029,gakk,enggak
1030,bagiin,bagikan
1031,nanggepin,menanggapi
1032,kapn,kapan
1033,barang2,barang-barang
1034,kirimin,mengirimi
1035,senengin,senangi
1036,ngasih,mengasih
1037,ampunnnn,ampun
1038,bln,bulan
1039,senengg,senang
1040,teruzzz,terus
1041,mantabb,mantab
1042,sumpahh,sumpah
1043,diluarann,diluaran
1044,trbaik,terbaik
1045,dlam,dalam
1046,anjirrrr,anjir
1047,jendess,janda
1048,sichh,sih
1049,namnya,namanya
1050,geh,gih
1051,22nya,dua-duanya
1052,aduuhhh,aduh
1053,miripp,mirip
1054,silauuu,silau
1055,waww,wow
1056,njiirr,anjir
1057,bgs,bagus
1058,kesinii,kesini
1059,gemay,gemas
1060,dstu,disitu
1061,wiiiihhhh,wih
1062,samoga,semoga
1063,kereennn,keren
1064,wahh,wah
1065,nyangkaa,menyangka
1066,hasilnyaaa,hasilnya
1067,dahhhh,dah
1068,mudah2,mudah-mudah
1069,jugaakk,juga
1070,prnh,pernah
1071,diapa2in,diapa-apai
1072,yaak,ya
1073,lhoo,loh
1074,donx,dong
1075,gthu,begitu
1076,maauuu,mau
1077,pacarrr,pacar
1078,idamann,idaman
1079,naturalllll,natural
1080,bnyak,banyak
1081,berntung,beruntung
1082,merka,mereka
1083,jln2,jalan-jalan
1084,romntis,romantis
1085,slamat,selamat
1086,ulan,ulang
1087,th,tahun
1088,mngkin,mungkin
1089,klau,kalau
1090,diksi,dikasih
1091,sipp,sip
1092,taun,tahun
1093,jugak,juga
1094,nungguin,menunggu
1095,ngeluarin,mengeluarkan
1096,keciill,kecil
1097,ughaa,juga
1098,"tante""",tante-tante
1099,banged,banget
1100,abeees,habis
1101,kapan2,kapan-kapan
1102,adain,mengadakan
1103,bosen2,bosan-bosan
1104,sempurnaaaaa,sempurna
1105,kaan,kan
1106,kece2,kece-kece
1107,badaaiii,badai
1108,beneraan,benaran
1109,cantiiik,cantik
1110,kuatttt,kuat
1111,cantiiiiiiik,cantik
1112,cantiknyaaa,cantiknya
1113,bae2,baik-baik
1114,bgd,banget
1115,mb,mbak
1116,catiiiiik,cantik
1117,subahanallah,subhanallah
1118,jaman2nya,jaman-jamannya
1119,padet,padat
1120,buktiin,buktikan
1121,cantiq,cantik
1122,"pasien""nya",pasien-pasiennya
1123,lohh,loh
1124,utk,untuk
1125,keeeerrrreeeennnnnnnnn,keren
1126,woow,wow
1127,choker2,choker-choker
1128,hadirrr,hadir
1129,hadirr,hadir
1130,jelashh,jelas
1131,sekali2,sekali-kali
1132,mbaaa,mbak
1133,temen,teman
1134,hidupppp,hidup
1135,nyebelin,menyebalkan
1136,diliatnya,dilihatnya
1137,abis2,habis-habis
1138,para2,parah-parah
1139,bangeeet,banget
1140,allahhhhhhh,allah
1141,gemesnya,gemasnya
1142,ilang2,hilang-hilang
1143,kmi,kami
1144,ngilangin,menghilangkan
1145,tbuh,tubuh
1146,itungan,hitungan
1147,ledekin,ledeki
1148,tmn2,teman-teman
1149,repot2,repot-repot
1150,oles2,oles-oles
1151,ckup,cukup
1152,dptkan,dapatkan
1153,artis2,artis-artis
1154,kalii,kali
1155,ninggiin,meninggikan
1156,baget,banget
1157,dri,dari
1158,kira2,kira-kira
1159,lgsg,langsung
1160,ngk,enggak
1161,ahh,ah
1162,pas2an,pas-pasan
1163,balesin,membalas
1164,gausah,enggak usah
1165,sukaaa,suka
1166,lutuna,lucunya
1167,ciapa,siapa
1168,gemesss,gemas
1169,duhh,duh
1170,terharuuu,terharu
1171,alamii,alami
1172,sampek,sampai
1173,ckrng,sekarang
1174,ngegemesin,menggemaskan
1175,imoet,imut
1176,imut2,imut-imut
1177,jagain,jaga
1178,yahbh,ya
1179,msih,masih
1180,macem2,macam-macam
1181,neko2,neko-neko
1182,sktika,seketika
1183,lutu,lucu
1184,wowwww,wow
1185,massss,mas
1186,kesiniii,kesini
1187,"keren""",keren-keren
1188,"jalan""nya",jalan-jalannya
1189,masyaallahhh,masyaallah
1190,kerennn,keren
1191,ksni,kesini
1192,begok,bego
1193,bkan,bukan
1194,jgk,juga
1195,bawak,bawa
1196,it,itu
1197,nti,nanti
1198,pgi,pagi
1199,keeeeeren,keren
1200,baguusss,bagus
1201,mna,mana
1202,nahannnn,tahan
1203,bagaatt,banget
1204,gayannxa,gayanya
1205,kereeeen,keren
1206,uda,sudah
1207,ngekeh,kekeh
1208,xlian,kalian
1209,b3,bertiga
1210,ihhh,ih
1211,lcu,lucu
1212,pait,pahit
1213,koplakkk,koplak
1214,kerass,keras
1215,yachhh,ya
1216,gokil,gila
1217,ngelihat,melihat
1218,ngelawak,melawak
1219,iiihhhhh,ih
1220,nyolotinnnn,menyolot
1221,beratttttttt,berat
1222,cantiikkkk,cantik
1223,hijaabbb,hijab
1224,sekalii,sekali
1225,smnagatin,menyemangati
1226,pakek,pakai
1227,kanapa,kenapa
1228,cans,cantik
1229,banhet,banget
1230,bgttttttt,banget
1231,blng,bilang
1232,mngasi,mengasih
1233,kmbang,kembang
1234,pg,pagi
1235,nie,ini
1236,pla,pula
1237,blakon,berlakon
1238,sy,saya
1239,nmpk,nampak
1240,bngtzt,banget
1241,lucukkkkk,lucu
1242,sbelah,sebelah
1243,baek,baik
1244,ciusss,serius
1245,palinf,paling
1246,fav,favorit
1247,maak,mak
1248,ngakaaaakkk,mengakak
1249,gokill,gila
1250,kocakkkkkk,kocak
1251,ngekek,mengekek
1252,capee,cape
1253,pegangin,memegang
1254,nyender,menyandar
1255,bener,benar
1256,manjain,memanjakan
1257,peleotin,meleot
1258,bng,bang
1259,termurahhhh,termurah
1260,nyatakan,menyatakan
1261,graaatiiiis,gratis
1262,meriahh,meriah
1263,cantikkkm,cantik
1264,parahh,parah
1265,bingits,banget
1266,yuppss,ya
1267,nyindir,menyindir
1268,onoh,sono
1269,bnyk,banyak
1270,anakny,anaknya
1271,staf2nya,staf-stafnya
1272,begete,banget
1273,aduhh,aduh
1274,manteppp,mantap
1275,hati2,hati-hati
1276,jangan2,jangan-jangan
1277,kata2nya,kata-katanya
1278,ynk,sayang
1279,"nangis""",menangis-nangis
1280,"hati""",hati-hati
1281,"jangan""",jangan-jangan
1282,emank,memang
1283,cr,cara
1284,diemin,diamkan
1285,hancurin,menghancurkan
1286,ckp,cukup
1287,mgkn,mungkin
1288,ato,atau
1289,diapain,diapakan
1290,ms,masih
1291,haragain,menghargai
1292,cb,coba
1293,nyakitin,menyakiti
1294,jgn2,jangan-jangan
1295,sbaiknya,sebaiknya
1296,mngerti,mengerti
1297,blajar,belajar
1298,fakta2,fakta-fakta
1299,spt,seperti
1300,mnding,mending
1301,nilai2,nilai-nilai
1302,buka2,buka-buka
1303,nyinyirin,nyinyir
1304,pdhl,padahal
1305,pd,pada
1306,nyerang,menyerang
1307,hrs,harus
1308,mrk,mereka
1309,trima,terima
1310,ngomomg,mengomong
1311,mang,memang
1312,kbetulan,kebetulan
1313,orgtuanya,orang tuanya
1314,sbelum,sebelum
1315,ngamatin,mengamati
1316,ngintip,mengintip
1317,stelah,setelah
1318,sndiri,sendiri
1319,ngintilin,mengintil
1320,smnjak,semenjak
1321,trbukti,terbukti
1322,nyambet,menyambat
1323,msk,masuk
1324,krmh,ke rumah
1325,bo'ong,bohong
1326,eloo,lo
1327,apa2nya,apa-apanya
1328,goblokkk,goblok
1329,sesatt,sesat
1330,ibliss,iblis
1331,elo,lo
1332,kbiasaan,kebiasaan
1333,hdpnya,hidupnya
1334,lbh,lebih
1335,byk,banyak
1336,anknya,anaknya
1337,tdr,tidur
1338,sbuah,sebuah
1339,anak2nya,anak-anaknya
1340,tdnya,tadinya
1341,ank2nya,anak-anaknya
1342,milih,memilih
1343,branjak,beranjak
1344,ank2,anak-anak
1345,masyarakay,masyarakat
1346,mudah2an,mudah-mudahan
1347,menegerti,mengerti
1348,apa2,apa-apa
1349,sok2,sok-sok
1350,nasehatin,menasihati
1351,ngaca,mengaca
1352,ajah,saja
1353,kakkkk,kak
1354,slamet,selamat
1355,ampe,sampai
1356,nari,menari
1357,ehh,eh
1358,mf,maaf
1359,ngcpin,mengucapkan
1360,woowwww,wow
1361,iaa,ya
1362,kdg,kadang
1363,kebagi,terbagi
1364,nerusin,meneruskan
1365,indo,indonesia
1366,univ,universitas
1367,maen,main
1368,wihh,wih
1369,tetapppp,tetap
1370,gantenggg,ganteng
1371,jakety,jaketnya
1372,nggk,enggak
1373,skli,sekali
1374,kli,kali
1375,ttp,tetap
1376,pala,kepala
1377,pusingggg,pusing
1378,pucing,pusing
1379,ihhhh,ih
1380,maho,manusia homo
1381,gantng,ganteng
1382,alak,kepala
1383,hilangv,hilang
1384,bungggg,bung
1385,gapap,enggak apa-apa
1386,kyak,kayak
1387,pling,paling
1388,gokiiill,gila
1389,busedh,buset
1390,gokilnya,gilanya
1391,duluuu,dulu
1392,keceee,kece
1393,nyaa,nya
1394,klu,kalau
1395,gilaa,gila
1396,duuhhh,duh
1397,amiiiiinnnnn,amin
1398,dg,dengan
1399,tullus,tulus
1400,pluk,peluk
1401,durhaka2,durhaka-durhaka
1402,kpada,kepada
1403,"seburuk""",seburuk-buruk
1404,ortu,orang tua
1405,ktaa,kita
1406,yup,ya
1407,tetaplaah,tetaplah
1408,ajja,saja
1409,dech,deh
1410,oprasi,operasi
1411,gya,gaya
1412,kndung,kandung
1413,sbg,sebagai
1414,ksenangan,kesenangan
1415,ddpt,didapat
1416,jwab,jawab
1417,mmbodohkan,membodohkan
1418,orlaen,orang lain
1419,bgtu,begitu
1420,drpd,daripada
1421,malem,malam
1422,aplikasiin,mengaplikasikan
1423,berangat,berangkat
1424,praktekin,mempraktikkan
1425,dahh,dah
1426,gmn,bagaimana
1427,omdo,omong doang
1428,kate,kata
1429,cabe2,cabe-cabe
1430,prjuangan,perjuangan
1431,kmewahan,kemewahan
1432,stimpal,setimpal
1433,ddpat,didapat
1434,sprt,seperti
1435,bc,baca
1436,mnilai,menilai
1437,kata2,kata-kata
1438,usahh,usah
1439,segala2nya,segala-galanya
1440,sekarng,sekarang
1441,sprti,seperti
1442,mkanya,makanya
1443,hay,hai
1444,mreka,mereka
1445,bhagia,bahagia
1446,korek2,korek-korek
1447,ngebales,membalas
1448,krna,karena
1449,sihh,sih
1450,sasama,sesama
1451,dehh,deh
1452,cabe2an,cabe-cabean
1453,terong2an,terong-terongan
1454,seklian,sekalian
1455,kluar,keluar
1456,tuuu,itu
1457,ngurusan,mengurusi
1458,campurin,mencampuri
1459,emnknya,memangnya
1460,py,punya
1461,unyuu,unyu
1462,mrangkul,merangkul
1463,adlh,adalah
1464,wlo,walau
1465,lh,lah
1466,manusiy,manusia
1467,tx,tak
1468,samara,sakinah mawadah rahman
1469,teringt,teringat
1470,trmsuk,termasuk
1471,dn,dan
1472,pilihnmu,pilihanmu
1473,swmntara,sementara
1474,trmasuk,termasuk
1475,orang2,orang-orang
1476,sgt,sangat
1477,liht,lihat
1478,suaminy,suaminya
1479,jadulnya,jaman dulunya
1480,mantaff,mantap
1481,ngata2in,mengata-ngatai
1482,bagaimna,bagaimana
1483,mulusssss,mulus
1484,bgus,bagus
1485,gmana,bagaimana
1486,kpleset,kepleset
1487,yawlah,ya allah
1488,kepeleset,kepleset
1489,kayanye,kayanya
1490,amiinnnn,amin
1491,komen2an,komen-komenan
1492,wewww,wow
1493,dumsss,dong
1494,tar,entar
1495,perbaikin,memperbaiki
1496,permasalhkan,permasalahkan
1497,betul2,betul-betul
1498,jauhin,jauhi
1499,dateng,datang
1500,adiik,adik
1501,manisss,manis
1502,"besar""",besar-besar
1503,"masing""",masing-masing
1504,ddlm,di dalam
1505,kmbali,kembali
1506,dkuburnya,dikuburnya
1507,fi,di
1508,ttg,tentang
1509,rata2,rata-rata
1510,lbih,lebih
1511,critamu,ceritamu
1512,ja,saja
1513,bres,beres
1514,cmkn,camkan
1515,diurusin,diurusi
1516,biarin,biarkan
1517,kale,kali
1518,donks,dong
1519,"membanding""",membanding-banding
1520,mengperbolehkan,memperbolehkan
1521,krena,karena
1522,ngri,negeri
1523,"dingin""",dingin-dingin
1524,lma,lama
1525,dibangga'in,dibangga-banggakan
1526,ngebolehin,membolehkan
1527,denger,dengar
1528,"jelek""in",menjelek-jelekkan
1529,stiap,setiap
1530,gausa,enggak usah
1531,maksain,memaksakan
1532,smog,semoga
1533,mnerima,menerima
1534,baikxa,baiknya
1535,aaamin,amin
1536,amienn,amien
1537,sekangen2,sekangen-kangen
1538,kt,kita
1539,amiiiiiiiiiinnnnnnn,amin
1540,nolongin,menolong
1541,amiiiiiiiiiiin,amin
1542,seluru,seluruh
1543,amiennn,amien
1544,tebir,ribet
1545,doangam,doang
1546,"tebir""",ribet-ribet
1547,amad,amat
1548,mkst,maksud
1549,wong2,wong-wong
1550,rempong,repot
1551,ngurusin,mengurusi
1552,kerjaan,pekerjaan
1553,bingittzz,banget
1554,bangets,banget
1555,ikh,ih
1556,dwh,deh
1557,nengok,menengok
1558,bante,bantai
1559,la,lah
1560,komenannya,komentarnya
1561,hadapin,menghadapi
1562,dengarin,mendengarkan
1563,ush,usah
1564,cock,cocok
1565,widihh,waduh
1566,mantepp,mantap
1567,cita2,cita-cita
1568,temen-temen,teman-teman
1569,stu,satu
1570,syratnya,syaratnya
1571,pnjang,panjang
1572,shat,sehat
1573,inginkn,inginkan
1574,belanjaa,belanja
1575,burem,buram
1576,tlp,telepon
1577,dngan,dengan
1578,ngerasain,merasai
1579,kancang,kencang
1580,tmbh,tambah
1581,mansyoallah,masyaallah
1582,skali,sekali
1583,canttttikkk,cantik
1584,subhanalloh,subhanallah
1585,lkuin,lakukan
1586,langgenh,langgeng
1587,foto2nya,foto-fotonya
1588,tanggung2,tanggung-tanggung
1589,salluutt,salut
1590,pkai,pakai
1591,org2,orang-orang
1592,mkn,makin
1593,seneng,senang
1594,pdng,padang
1595,warbiyasah,luar biasa
1596,pk,pakai
1597,keedaannya,keadaannya
1598,lagu2,lagu-lagu
1599,saya2,saya-saya
1600,sekrng,sekarang
1601,lagu2nya,lagu-lagunya
1602,ttap,tetap
1603,spertinya,sepertinya
1604,mrah,marah
1605,gra2,gara-gara
1606,sngaja,sengaja
1607,jlek,jelek
1608,udah2,sudah-sudah
1609,ungkit2,ungkit-ungkit
1610,pura2,pura-pura
1611,curhat2,curhat-curhat
1612,matany,matanya
1613,dteng,datang
1614,mata'y,matanya
1615,baju2,baju-baju
1616,buruannn,buruan
1617,emng,memang
1618,perubut,perebut
1619,sumai,suami
1620,tk,tak
1621,urusin,mengurusi
1622,apah,apa
1623,bagus2,bagus-bagus
1624,say,sayang
1625,mmbela,membela
1626,mslhnya,masalahnya
1627,hnya,hanya
1628,sndri,sendiri
1629,sj,saja
1630,llki,lelaki
1631,dluar,diluar
1632,sna,sana
1633,boleh2,boleh-boleh
1634,dya,dia
1635,maluuuu,malu
1636,beda2,beda-beda
1637,nyaranin,menyarankan
1638,x,kali
1639,tongolin,menongol
1640,cabol,cabul
1641,ape,apa
1642,nyet,monyet
1643,muna,munafik
1644,jing,anjing
1645,tot,entot
1646,nihh,nih
1647,hidiyah,hidayah
1648,percya,percaya
1649,bgi,bagi
1650,tlg,tolong
1651,sya,saya
1652,sdri,sendiri
1653,tdi,tadi
1654,mgkin,mungkin
1655,bhwa,bahwa
1656,skaligus,sekaligus
1657,cek2,cek-cek
1658,spti,seperti
1659,smakin,semakin
1660,sbgai,sebagai
1661,mgk,mungkin
1662,bgmn,bagaimana
1663,sapa2,sapa-sapa
1664,sama2,sama-sama
1665,kyknya,kayaknya
1666,pnya,punya
1667,dng,dengan
1668,termurahhh,termurah
1669,bbrp,beberapa
1670,bhw,bahwa
1671,banyaaaaaak,banyak
1672,baik2nya,baik-baiknya
1673,tunjukan,tunjukkan
1674,anak2mu,anak-anakmu
1675,anak2,anak-anak
1676,ngasih2,mengasih-ngasih
1677,berfikir,berpikir
1678,amit2,amit-amit
1679,mba,mbak
1680,elu,lu
1681,ngajuin,mengajukan
1682,tiba2,tiba-tiba
1683,jkt,jakarta
1684,terbaeq,terbaik
1685,namany,namanya
1686,jels,jelas
1687,diakibtkn,diakibatkan
1688,suk,suka
1689,jelek2,jelek-jelek
1690,dsrny,dasarnya
1691,jkrta,jakarta
1692,mantaap,mantap
1693,benar2,benar-benar
1694,main2,main-main
1695,lanjutkaaaaan,lanjutkan
1696,hiduppp,hidup
1697,ncek,encek
1698,majuuu,maju
1699,teruuss,terus
1700,kdg2,kadang-kadang
1701,looohh,loh
1702,sebelumbya,sebelumnya
1703,tunjukin,tunjukkan
1704,"tahun""",tahun-tahun
1705,koment,komentar
1706,nyampein,menyampaikan
1707,hokiii,hoki
1708,naksir,menaksir
1709,"bangt""",banget-banget
1710,nafkahin,menafkahi
1711,ngitem,menghitam
1712,banyaaaak,banyak
1713,"sama""",sama-sama
1714,lhat,lihat
1715,cantika,cantik
1716,cwek,cewek
1717,kngen,kangen
1718,fillm,film
1719,sinet,sinetron
1720,jendral,jenderal
1721,nanya,tanya
1722,maenya,mainnya
1723,cantiks,cantik
1724,wktu,waktu
1725,pilm,film
1726,taon,tahun
1727,nd,indak
1728,slah,salah
1729,jaaangan,jangan
1730,nambah,bertambah
1731,naek,naik
1732,terimaksih,terima kasih
1733,inii,ini
1734,kaannnn,kan
1735,tidakkkk,tidak
1736,kemuh,kamu
1737,da,sudah
1738,keren2,keren-keren
1739,sby,surabaya
1740,pinginnn,pengin
1741,buanget,banget
1742,ketemuuu,ketemu
1743,kebawa,terbawa
1744,mimpiii,mimpi
1745,wanjerrr,anjir
1746,satupunn,satupun
1747,motret,memotret
1748,temen2,teman-teman
1749,lapakk,lapak
1750,nyeniii,menyeni
1751,bget,banget
1752,seeh,sih
1753,abis,habis
1754,deuhh,duh
1755,b2an,berduaan
1756,dihargain,dihargai
1757,"engga""",enggak-enggak
1758,tahun2,tahun-tahun
1759,lebayy,lebay
1760,gilsss,gila
1761,nganbek,mengambek
1762,sukaa,suka
1763,enk,enak
1764,mendam,memendam
1765,manta,mantan
1766,relaaaa,rela
1767,bgun,bangun
1768,tdur,tidur
1769,cntk,cantik
1770,knl,kenal
1771,anugrah,anugerah
1772,slm,salam
1773,kliatan,kelihatan
1774,awoohhh,allah
1775,cantiikk,cantik
1776,gt,begitu
1777,sbbyak,sebanyak
1778,apun,apapun
1779,nyangkutnya,menyangkutnya
1780,untk,untuk
1781,ampunnnnn,ampun
1782,hy,hai
1783,wadaaw,waduh
1784,paraah,parah
1785,sampw,sampai
1786,dijelekin,dijelekkan
1787,napa,kenapa
1788,azeeeek,asik
1789,ntikk,cantik
1790,uhh,uh
1791,mayan,lumayan
1792,mnisss,manis
1793,tambahim,tambahkan
1794,tambahin,tambahkan
1795,"bener""",benar-benar
1796,make,memakai
1797,canttikkk,cantik
1798,baanggeettt,banget
1799,ap,apa
1800,siiihh,sih
1801,krpoooo,kepo
1802,pengn,pengin
1803,nyusul,menyusul
1804,nyok,yuk
1805,dekkk,dek
1806,ngiri,mengiri
1807,mmang,memang
1808,nentuin,menentukan
1809,mnjmput,menjemput
1810,ygs,sayang
1811,mblooo,jomblo
1812,ber'expresi,berekspresi
1813,jdulnya,judulnya
1814,ciumman,ciuman
1815,aurot,aurat
1816,laginy,laginya
1817,nyaaaaaaaaaaaaa,nya
1818,alkhamdulilah,alhamdulillah
1819,ktnya,katanya
1820,selaluu,selalu
1821,anjirrr,anjir
1822,ngeh,engah
1823,amen,amin
1824,qm,kamu
1825,nahhh,nah
1826,ngmngnya,mengomongnya
1827,sampai2,sampai-sampai
1828,hal2,hal-hal
1829,komunitas2,komunitas-komunitas
1830,fotony,fotonya
1831,halllo,halo
1832,ngiritya,mengiritnya
1833,hematt,hemat
1834,ciyeeee,cie
1835,yeeee,ya
1836,nget,banget
1837,kususnya,khususnya
1838,krm,kirim
1839,sam,sama
1840,ajaaahhhhh,saja
1841,syediiihhh,sedih
1842,malangg,malang
1843,belooomm,belum
1844,yaakk,ya
1845,kebukti,terbukti
1846,anak2e,anak-anaknya
1847,tuwanya,tuanya
1848,comen2nya,komen-komennya
1849,pedesssss,pedas
1850,jelas2,jelas-jelas
1851,skg,sekarang
1852,nyebut2,menyebut-nyebut
1853,plg,pulang
1854,smbil,sambil
1855,hellooooooo,halo
1856,ngrebut,merebut
1857,mnjdi,menjadi
1858,taek,tahi
1859,lupain,melupakan
1860,bangkret,bangkrut
1861,taekk,tahi
1862,lahhhhhh,lah
1863,kedokk,kedok
1864,"mati""an",mati-matian
1865,nyimak,menyimak
1866,komenx,komennya
1867,serem2,seram-seram
1868,"ngumpet""",mengumpet-ngumpet
1869,blim,belum
1870,sekrang,sekarang
1871,ngerebut,merebut
1872,mnjijikaaaaaan,menjijikkan
1873,astgfrlh,astagfirullah
1874,sahabatt,sahabat
1875,gnyngka,enggak menyangka
1876,sendirir,sendiri
1877,brengsekk,brengsek
1878,ngomentnya,mengomentarinya
1879,nusuk,menusuk
1880,skr,sekarang
1881,dpotong,dipotong
1882,helo,halo
1883,kmrin,kemarin
1884,ngmgin,mengomongkan
1885,bilangg,bilang
1886,gkhianati,mengkhianati
1887,kpd,kepada
1888,hr,hari
1889,sp,siapa
1890,pljaran,pelajaran
1891,spy,supaya
1892,mngikuti,mengikuti
1893,klkuan,kelakuan
1894,dibikin2,dibikin-bikin
1895,gimana,bagaimana
1896,nnt,nanti
1897,cew,cewek
1898,cow,cowok
1899,kasiannn,kasihan
1900,syekaliii,sekali
1901,hgga,hingga
1902,cieeeee,cie
1903,sholihah,salihah
1904,adeuh,aduh
1905,halahh,alah
1906,luu,lu
1907,yuuks,yuk
1908,yoo,ayo
1909,ginian,beginian
1910,judulnyaa,judulnya
1911,ayoookkkkkk,ayo
1912,artix,artinya
1913,lt,lantai
1914,"nama""",nama-nama
1915,serem,seram
1916,kepoin,mengepoi
1917,keluarin,mengeluarkan
1918,gajelas,enggak jelas
1919,mbak2,mbak-mbak
1920,pedes,pedas
1921,komentnya,komentarnya
1922,omongin,mengomongkan
1923,ngalirrrrr,mengalir
1924,idup,hidup
1925,nmbah,bertambah
1926,terossss,terus
1927,ngehujat,menghujat
1928,dosaa,dosa
1929,ngebela,membela
1930,seindonesiyah,seindonesia
1931,seh,sih
1932,senyumin,senyumi
1933,mh,mah
1934,ngalir,mengalir
1935,ngrusak,merusak
1936,px,punya
1937,kslhn,kesalahan
1938,skrngnya,sekarangnya
1939,emang,memang
1940,kalik,kali
1941,bilangin,bilang
1942,nyambungin,menyambung
1943,sllu,selalu
1944,scra,secara
1945,nggali,menggali
1946,cmpur,campur
1947,dgr,dengar
1948,kurng,kurang
1949,nangiiiiis,menangis
1950,nangiiis,menangis
1951,ngomentarin,mengomentari
1952,idupnya,hidupnya
1953,ortunya,orang tuanya
1954,woey,woy
1955,bloghhh,goblok
1956,ngomongin,mengomongkan
1957,doank,doang
1958,"abal""",abal-abal
1959,dikata2in,dikata-katai
1960,ngehina,menghina
1961,gmna,bagaimana
1962,kebanggan,kebanggaan
1963,mnjawab,menjawab
1964,woooiiiiiiii,woy
1965,dosaaaaaaaaaa,dosa
1966,ingt,ingat
1967,karmaaa,karma
1968,woooiiiii,woy
1969,ngkkkkkk,mengakak
1970,makny,maknya
1971,wdooohhh,waduh
1972,kasihn,kasihan
1973,lhirr,lahir
1974,hujatann,hujatan
1975,palgi,apalagi
1976,wihhh,wih
1977,kakakkk,kakak
1978,bagusss,bagus
1979,jt,juta
1980,ngets,banget
1981,stp,setiap
1982,penbelian,pembelian
1983,cuaantik,cantik
1984,sukakkk,suka
1985,m,sama
1986,cucokkk,cocok
1987,lyt,lihat
1988,expresi,ekspresi
1989,natap,menatap
1990,ccok,cocok
1991,helloo,halo
1992,dripada,daripada
1993,difotoin,difoto
1994,psangan,pasangan
1995,cakepp,cakep
1996,ngiriii,mengiri
1997,coxok,cocok
1998,buatin,buatkan
1999,nihhh,nih
2000,statusx,statusnya
2001,cem,macam
2002,yee,ya
2003,sunggu,sungguh
2004,lagiii,lagi
2005,ammiiin,amin
2006,haddeh,aduh
2007,maaasss,mas
2008,segerrrr,segar
2009,kemn,kemana
2010,suipit,sipit
2011,sipiit,sipit
2012,kedengeran,kedengaran
2013,semangaatt,semangat
2014,promil,program hamil
2015,lancr,lancar
2016,keputihn,keputihan
2017,gratisss,gratis
2018,kebayang,terbayang
2019,"mdh""",mudah-mudah
2020,bz,bisa
2021,amiinn,amin
2022,ammin,amin
2023,mendapatkn,mendapatkan
2024,lucuuuk,lucu
2025,amaattt,amat
2026,aje,saja
2027,yaoloh,yaallah
2028,ngerayain,merayakan
2029,sotoy,sok tau
2030,yok,yuk
2031,d.bikinin,dibikin
2032,mmz,mas
2033,bikinin,bikin
2034,bapeeeer,bawa perasaan
2035,keliatannya,kelihatannya
2036,siih,sih
2037,diginiin,dibeginikan
2038,hadeehh,aduh
2039,pu,punya
2040,suamiiiii,suami
2041,krenn,keren
2042,kebykan,kebanyakan
2043,tingal,tinggal
2044,pernikahn,pernikahan
2045,ngtain,mengatai
2046,macem,macam
2047,bagusnyeee,bagusnya
2048,kemaren,kemarin
2049,hmpir,hampir
2050,liatnyaaa,lihatnya
2051,waw,wow
2052,mbuh,embuh
2053,waaa,wah
2054,berbiiiiiihhh,barbie
2055,canteek,cantik
2056,teru,terus
2057,nyatok,mencatok
2058,nyampenya,sampainya
2059,goncengin,boncengkan
2060,kasi,kasih
2061,dianterin,diantar
2062,gebleg,geblek
2063,bosen,bosan
2064,anterin,antar
2065,ngantar,mengantar
2066,nganterin,mengantarkan
2067,mz,mas
2068,nerima,menerima
2069,ati2,hati-hati
2070,yeuh,ya
2071,kmn,kemana
2072,dianter,diantar
2073,disupirin,disopiri
2074,jidad,jidat
2075,ciee,cie
2076,novembr,november
2077,hri,hari
2078,bedain,membedakan
2079,genduut,gendut
2080,ehhh,eh
2081,bertatto,bertato
2082,brrt,berarti
2083,kana,kanan
2084,dtg,datang
2085,doong,dong
2086,sblah,sebelah
2087,tauuu,tau
2088,tengaj,tengah
2089,ps,pas
2090,gmpg,gampang
2091,engk,enggak
2092,apal,hapal
2093,dak,indak
2094,rupa2nya,rupa-rupanya
2095,kembaq,kembar
2096,tngh,tengah
2097,mknya,makanya
2098,prmpuan,perempuan
2099,ketuker,tertukar
2100,drimnanya,darimananya
2101,cntikan,cantikan
2102,edaaaan,edan
2103,bcnda,bercanda
2104,uhhh,uh
2105,bazengg,bajingan
2106,haiii,hai
2107,bosaan,bosan
2108,gitu2,begitu-gitu
2109,kmana2,kemana-mana
2110,hrsnya,harusnya
2111,sdg,sedang
2112,komentar2,komentar-komentar
2113,kenyataan2,kenyataan-kenyataan
2114,silahkan,silakan
2115,lwt,lewat
2116,sukur2,sukur-sukur
2117,baek2,baik-baik
2118,cma,cuma
2119,berbeda2,berbeda-beda
2120,dibkatakan,dikatakan
2121,doonk,dong
2122,pengikuy,pengikut
2123,ngmngin,mengomongkan
2124,sblmnya,sebelumnya
2125,maksd,maksud
2126,adkah,adakah
2127,menbelah,membelah
2128,ayuk,ayo
2129,mngira,mengira
2130,bertolernsi,bertoleransi
2131,slahkan,salahkan
2132,tolernsi,toleransi
2133,sbnarnya,sebenarnya
2134,ingi,ingin
2135,oalaaaa,walah
2136,menjelekan,menjelekkan
2137,hadeuuh,aduh
2138,dikemanain,dikemanakan
2139,aneh2,aneh-aneh
2140,bpknya,bapaknya
2141,baca2,baca-baca
2142,jwb,jawab
2143,komen2,komen-komen
2144,sebelum2nya,sebelum-sebelumnya
2145,sbagai,sebagai
2146,sedihh,sedih
2147,kangennnn,kangen
2148,gndakan,gandakan
2149,kangeeeeeeeenya,kangen
2150,gaa,enggak
2151,ganti'kn,menggantikan
2152,tnang,tenang
2153,amiiiiiiiiiiiiiiiiin,amin
2154,kgeeeen,kangen
2155,kangeenn,kangen
2156,bangeeeet,banget
2157,bsok,besok
2158,hbis,habis
2159,mti,mati
2160,bngetttt,banget
2161,kangeen,kangen
2162,bgect,banget
2163,"kebaikan""y",kebaikannya
2164,dssi,disisi
2165,kngenn,kangen
2166,kangeeeeennn,kangen
2167,lagii,lagi
2168,dasyat,dahsyat
2169,aer,air
2170,bgni,begini
2171,skalii,sekali
2172,gg,enggak
2173,dtinggl,ditinggal
2174,terbaiiikkkkk,terbaik
2175,murahhh,murah
2176,pecahhg,pecah
2177,kakakgh,kakak
2178,terbaeeeek,terbaik
2179,prempuan,perempuan
2180,manteep,mantap
2181,nggeh,engah
2182,indonesiaaa,indonesia
2183,inia,ini
2184,maluu,malu
2185,cobaaaa,coba
2186,dehhh,deh
2187,cepetan,cepatan
2188,ntapsss,mantap
2189,kamiiii,kami
2190,smangat,semangat
2191,qmu,kamu
2192,sdkit2,sedikit-sedikit
2193,tntg,tentang
2194,penyakitny,penyakitnya
2195,ngajarin,mengajari
2196,laenny,lainnya
2197,amiinnn,amin
2198,scpatny,secepatnya
2199,sampein,sampaikan
2200,tuany,tuanya
2201,doa2,doa-doa
2202,pjg,panjang
2203,adeeek,adek
2204,bca,baca
2205,netes,menetes
2206,mataq,mataku
2207,byangin,membayangkan
2208,trjadi,terjadi
2209,dposisi,diposisi
2210,tanda2nya,tanda-tandanya
2211,dijwb,dijawab
2212,tmn2nya,teman-temannya
2213,sayy,sayang
2214,salaam,salam
2215,ngajar,mengajar
2216,fto2,foto-foto
2217,laen,lain
2218,dallam,dalam
2219,tentanh,tentang
2220,nangiss,menangis
2221,nnton,menonton
2222,kejadianny,kejadiannya
2223,klg,keluarga
2224,sayaang,sayang
2225,msg2,masing-masing
2226,pgnnya,penginnya
2227,meluk,memeluk
2228,siiihhh,sih
2229,mupeng,muka pengin
2230,caya,percaya
2231,aduhhhhhhhhh,aduh
2232,buseett,buset
2233,mblo,jomblo
2234,lucuuu,lucu
2235,gagahx,gagahnya
2236,miriiiip,mirip
2237,kaliiii,kali
2238,niru,meniru
2239,bpkmu,bapakmu
2240,sangt,sangat
2241,baang,bang
2242,gasih,enggak sih
2243,yuu,yuk
2244,yuuu,yuk
2245,samaa,sama
2246,ngademin,mengademkan
2247,aahh,ah
2248,makasi,terima kasih
2249,looo,loh
2250,yokk,yuk
2251,gils,gila
2252,ono,sono
2253,weeeh,wih
2254,suksea,sukses
2255,temenan,berteman
2256,sehh,sih
2257,deket,dekat
2258,dekt,dekat
2259,genggg,geng
2260,yawloh,ya allah
2261,bhnya,bahannya
2262,loo,loh
2263,samaaaa,sama
2264,abanggku,abangku
2265,sayanggg,sayang
2266,dsni,disini
2267,ciieeeeeee,cie
2268,kokohh,engkoh
2269,pdhal,padahal
2270,takuttt,takut
2271,yuks,yuk
2272,pnjual,penjual
2273,yh,ya
2274,dung,dong
2275,latian,latihan
2276,aaaaaaakkk,ah
2277,mauuuu,mau
2278,soga,moga
2279,tteh,teteh
2280,sintron,sinetron
2281,astagaa,astaga
2282,ancurrr,hancur
2283,dblkang,dibelakang
2284,yayang,sayang
2285,gokillllll,gila
2286,aplks,aplikasi
2287,ska,suka
2288,ktawa,ketawa
2289,baguuus,bagus
2290,kaaan,kan
2291,ngepoin,mengepoi
2292,uuhh,uh
2293,beut,banget
2294,njirrr,anjir
2295,pengeeenn,pengin
2296,dongggg,dong
2297,hatii,hati
2298,besook,besok
2299,mauu,mau
2300,gtuu,begitu
2301,njayyy,anjay
2302,tokayyy,tahi
2303,to,tapi
2304,mksdku,maksudku
2305,gituin,begitukan
2306,lgsung,langsung
2307,cba,coba
2308,nh,nih
2309,"ilang""",hilang-hilang
2310,giniin,beginikan
2311,ksini,kesini
2312,kubarikan,kuberikan
2313,ayank,sayang
2314,anyeng,anjing
2315,yankkk,sayang
2316,cukurrr,cukur
2317,gilaaaaaa,gila
2318,yhaaa,ya
2319,qaqaaaa,kakak
2320,sayangkuuuuu,sayangku
2321,kakakuuu,kakakku
2322,banx,bang
2323,edannn,edan
2324,bape,bawa perasaan
2325,"artis""",artis-artis
2326,ngelahirin,melahirkan
2327,paksain,memaksa
2328,biasaa,biasa
2329,hub,hubungi
2330,hubunggi,hubungi
2331,loooh,loh
2332,telimakacih,terima kasih
2333,nerawang,menerawang
2334,cantiiiik,cantik
2335,didapet,didapat
2336,tanya2,tanya-tanya
2337,pede,percaya diri
2338,kuningggg,kuning
2339,nyolot,menyolot
2340,elahh,alah
2341,pnting,penting
2342,bela2in,membela-bela
2343,marah2an,marah-marahan
2344,wlaupun,walaupun
2345,syantiiiiikkkkkkkkkkkk,cantik
2346,"bwa""",bawa-bawa
2347,agma,agama
2348,hijabb,hijab
2349,kerrennn,keren
2350,ngetik,mengetik
2351,ntah,entah
2352,pan,kapan
2353,mateeeek,mati
2354,geetoo,begitu
2355,sewain,menyewa
2356,kokkk,kok
2357,muluuu,melulu
2358,yaaang,yang
2359,iyaa,iya
2360,gituu,begitu
2361,yappp,ya
2362,uwahhhhh,wah
2363,bnr2,benar-benar
2364,psgn,pasangan
2365,ujg,ujung
2366,rmbut,rambut
2367,smp,sampai
2368,kki,kaki
2369,hayukk,hayo
2370,ntab,mantab
2371,atuhhh,atuh
2372,yukss,yuk
2373,lihaatttt,lihat
2374,niiiihh,nih
2375,liattt,lihat
2376,cuyyy,cuy
2377,gapernah,enggak pernah
2378,liatiii,lihat
2379,jombsss,jomblo
2380,emesshhh,gemas
2381,gemeessss,gemas
2382,poollll,pol
2383,gemesyak,gemas ya
2384,bngttt,banget
2385,ngegmesin,menggemaskan
2386,hndak,hendak
2387,hndk,hendak
2388,iiih,ih
2389,lutunaa,lucunya
2390,abiz,habis
2391,gemes,gemas
2392,ngareppppp,mengharap
2393,aamiinin,amin
2394,imuutt,imut
2395,abizzz,habis
2396,tay,tahi
2397,toketnya,teteknya
2398,tumpe2,tumpah-tumpah
2399,lenje,lenjeh
2400,tuuuuh,tuh
2401,cantinya,cantiknya
2402,macam2,macam-macam
2403,"mbak""",mbak-mbak
2404,ngatain,mengatai
2405,mbaknyaahh,mbaknya
2406,pyudara,payudara
2407,ditutupin,ditutupi
2408,bgitu,begitu
2409,ngomongnya,mengomongnya
2410,sich,sih
2411,cantiik2,cantik-cantik
2412,hati.a,hatinya
2413,mk.a,makanya
2414,mlt.a,mulutnya
2415,nyerocooooos,mencerocos
2416,kyk.a,kayaknya
2417,sklh,sekolah
2418,pljrn,pelajaran
2419,srng,sering
2420,ngilang,menghilang
2421,dikatain,dikatai
2422,maluuu,malu
2423,ngalahin,mengalahkan
2424,brisi,berisi
2425,pkoknya,pokoknya
2426,canti,cantik
2427,astagfirullh,astagfirullah
2428,nutupin,menutupi
2429,ori,orisinal
2430,kakakaaaaaaaaaaaaaa,kakak
2431,cantikkkkkkkk,cantik
2432,batwc,banget
2433,kamyuhhh,kamu
2434,dbwh,dibawah
2435,bukti2,bukti-bukti
2436,senenggg,senang
2437,mao,mau
2438,murhan,murahan
2439,prwtn,perawatan
2440,wjh,wajah
2441,bgettt,banget
2442,mereka2,mereka-mereka
2443,pakke,pakai
2444,dipake,dipakai
2445,ktergantungan,ketergantungan
2446,prwatn,perawatan
2447,ngebuktiin,membuktikan
2448,hslnya,hasilnya
2449,awal2,awal-awal
2450,setabil,stabil
2451,maksih,terima kasih
2452,gratiss,gratis
2453,bbrpa,beberapa
2454,"gara""",gara-gara
2455,"benar""",benar-benar
2456,ajaibb,ajaib
2457,pokonya,pokoknya
2458,setujuuu,setuju
2459,digituin,dibegitukan
2460,sekolahin,sekolahkan
2461,ajarin,ajarkan
2462,sendirii,sendiri
2463,mrnghadapi,menghadapi
2464,apalg,apalagi
2465,naka,nakal
2466,sdkt,sedikit
2467,besar2in,besar-besarkan
2468,bgmana,bagaimana
2469,s*inetr*n,sinetron
2470,mrusak,merusak
2471,mndpt,mendapat
2472,skt,sakit
2473,sebnyak,sebanyak
2474,terburu2,terburu-buru
2475,baik2,baik-baik
2476,ngumpat2,mengumpat-ngumpat
2477,nantangin,menantang
2478,ngegampar,menggampar
2479,ngelaporin,melaporkan
2480,salahin,salahkan
2481,gabisa,enggak bisa
2482,konsekwensi,konsekuensi
2483,muliany,mulianya
2484,mungki,mungkin
2485,lngsung,langsung
2486,tsb,tersebut
2487,t4,tempat
2488,bacahalah,bacalah
2489,dikerasin,dikerasi
2490,gkkan,enggak akan
2491,ngulangin,mengulangi
2492,bedaa,beda
2493,pnyaa,punya
2494,bol3h,boleh
2495,ngadu,mengadu
2496,ketauan,ketahuan
2497,dimarahin,dimarahi
2498,nyelesain,menyelesaikan
2499,troma,trauma
2500,kerasin,kerasi
2501,kamu2,kamu-kamu
2502,cewer,jewer
2503,bilanh,bilang
2504,jwban,jawaban
2505,nuduh,menuduh
2506,ngatur,mengatur
2507,rajin2,rajin-rajin
2508,bacaaaa,baca
2509,kekk,kayak
2510,jungkiir,jungkir
2511,gunaa,guna
2512,bales2in,balas-membalas
2513,orangg,orang
2514,tauuuu,tau
2515,byak,banyak
2516,kepad,kepada
2517,bantuanny,bantuannya
2518,ttinggi,tinggi
2519,perna,pernah
2520,grgr,gara-gara
2521,jari2,jari-jari
2522,pukulin,pukuli
2523,bengkak2,bengkak-bengkak
2524,komentarin,komentari
2525,bijak2,bijak-bijak
2526,lama2,lama-lama
2527,menurur,menurut
2528,tipe2,tipe-tipe
2529,diliat,dilihat
2530,liatlah,lihatlah
2531,teguran2,teguran-teguran
2532,gr2,gara-gara
2533,gamau,enggak mau
2534,skolah,sekolah
2535,pdahal,padahal
2536,klas,kelas
2537,tkut,takut
2538,grunya,gurunya
2539,pndah,pindah
2540,liat2,lihat-lihat
2541,masukin,memasukkan
2542,dilindungin,dilindungi
2543,kasiaannn,kasihan
2544,miring2,miring-miring
2545,tinggalin,tinggalkan
2546,kaitannha,kaitannya
2547,sud,sudah
2548,pinter,pintar
2549,rana,ranah
2550,thdp,terhadap
2551,scr,secara
2552,bhkn,bahkan
2553,justeru,justru
2554,ngatai,mengatai
2555,kln,kalian
2556,sukak,suka
2557,termuraaahhhh,termurah
2558,brkunjun,berkunjung
2559,suarranya,suaranya
2560,"bner""",benar-benar
2561,iu,itu
2562,bgussss,bagus
2563,kmaren,kemarin
2564,ambilin,mengambil
2565,biasaaaa,biasa
2566,luuuaar,luar
2567,redho,ridho
2568,rezki,rezeki
2569,kepd,kepada
2570,luaarrr,luar
2571,biasaaa,biasa
2572,jadilh,jadilah
2573,bnr,benar
2574,terhaaru,terharu
2575,orrunya,orang tuanya
2576,flm,film
2577,kalok,kalo
2578,adek2,adek-adek
2579,loncatt,loncat
2580,hampasss,hempas
2581,tehh,teh
2582,bunga2,bunga-bunga
2583,apaaan,apaan
2584,ampuuunn,ampun
2585,daaah,dah
2586,bangetttttt,banget
2587,ituh,itu
2588,cantiiikk,cantik
2589,suaranyaaaaaa,suaranya
2590,idoolaaa,idola
2591,pulaa,pula
2592,penyanyi2,penyanyi-penyanyi
2593,wiih,wih
2594,apaa,apa
2595,miriip,mirip
2596,allaahh,allah
2597,ajahhh,saja
2598,dehat,sehat
2599,salammmm,salam
2600,hari2,hari-hari
2601,sihat,sehat
2602,buruann,buruan
2603,rekomendain,rekomendasikan
2604,trussss,terus
2605,bangt,banget
2606,cepet,cepat
2607,pesen,pesan
2608,boong,bohong
2609,prawatan,perawatan
2610,mkin,makin
2611,dimao,dimau
2612,dijadiin,dijadikan
2613,silahkn,silakan
2614,kasiatnya,khasiatnya
2615,"minyak""an",minyak-minyakan
2616,suksess,sukses
2617,prodak,produk
2618,trasa,terasa
2619,minpi,mimpi
2620,bner2,benar-benar
2621,mutihin,memutihkan
2622,smster,semester
2623,kmren,kemarin
2624,ucull,lucu
2625,"ngomong""",ngomong-ngomong
2626,udehh,sudah
2627,syngnya,sayangnya
2628,dipermainin,dipermainkan
2629,kocakkk,kocak
2630,dasarrr,dasar
2631,waaaaw,wow
2632,cannnnntikkkkkkk,cantik
2633,mukax,mukanya
2634,cantikx,cantiknya
2635,fatanik,fanatik
2636,protestin,protestan
2637,kakau,kalau
2638,marh,marah
2639,emngnya,memangnya
2640,cantiknyaa,cantiknya
2641,darpada,daripada
2642,cooooooocok,cocok
2643,pkk,pakai
2644,sling,saling
2645,agama'ny,agamanya
2646,bilng,bilang
2647,prcy,percaya
2648,lurusin,meluruskan
2649,biri,biru
2650,luco,lucu
2651,ultha,ultah
2652,batikk,batik
2653,arab2,arab-arab
2654,baguss,bagus
2655,sedihhh,sedih
2656,syang,sayang
2657,ngasi,mengasih
2658,naaaak,nak
2659,astafirullah,astagfirullah
2660,peragain,peragakan
2661,shayyy,say
2662,anjaayy,anjay
2663,shay,say
2664,ngilerrrr,mengiler
2665,woyyy,woy
2666,shaaaay,say
2667,hempaass,hempas
2668,sayyy,say
2669,shayy,say
2670,syantiek,cantik
2671,njay,anjay
2672,hehh,eh
2673,cantik2,cantik-cantik
2674,kam,kamu
2675,ingeet,ingat
2676,sblh,sebelah
2677,nawarin,menawari
2678,amiiiiin,amin
2679,jauhhh,jauh
2680,waaahhh,wah
2681,ajakin,mengajak
2682,mntn,mantan
2683,ade,adek
2684,luhhh,lu
2685,yooookkk,yuk
2686,jrnk,jarang
2687,"jelas""",jelas-jelas
2688,kayax,kayak
2689,dblkng,dibelakang
2690,anjirr,anjir
2691,mirippp,mirip
2692,sangattt,sangat
2693,mayann,lumayan
2694,autuhh,tau tuh
2695,atutt,takut
2696,ketara,tertara
2697,giniii,begini
2698,mbaaass,mbak
2699,bund,bunda
2700,bangeeettt,banget
2701,almh,almarhumah
2702,temenkuuh,temanku
2703,suami'y,suaminya
2704,bngeeeetttt,banget
2705,entr,entar
2706,kyax,kayak
2707,cuantikkk,cantik
2708,mksdnya,maksudnya
2709,kaaaaaaaaaakkkkkkkkkkk,kak
2710,kucing'y,kucingnya
2711,nama'in,namai
2712,panggilan'ya,panggilannya
2713,panggilan'y,panggilannya
2714,z,saja
2715,kalw,kalau
2716,tips2,tips-tips
2717,alu,aku
2718,ngerrrriiii,ngeri
2719,ngriii,mengiri
2720,amatt,amat
2721,smpai,sampai
2722,kox,kok
2723,tmbah,tambah
2724,cntikk,cantik
2725,pkee,pakai
2726,smkin,semakin
2727,amiiiiinnn,amin
2728,bgmna,bagaimana
2729,ssorg,seseorang
2730,hdpn,hadapan
2731,foto2,foto-foto
2732,mnambh,menambah
2733,ktaatan,ketaatan
2734,stju,setuju
2735,cantikkkkkk,cantik
2736,dilepas2,dilepas-lepas
2737,tehhh,teh
2738,istiqomahhh,istikamah
2739,tehhhh,teh
2740,prodaknya,produknya
2741,imutt,imut
2742,amu,kamu
2743,nahh,nah
2744,mauuuuuuu,mau
2745,jilbb,jilbab
2746,tmn,teman
2747,ndut,gendut
2748,ngecek,mengecek
2749,penasarn,penasaran
2750,cuyy,cuy
2751,astauviruloh,astagfirullah
2752,paaak,pak
2753,diajarin,diajari
2754,gawl,gaul
2755,kecr,kece
2756,iih,ih
2757,laaaah,lah
2758,aned,banget
2759,gingsungny,gingsulnya
2760,blh,boleh
2761,cariin,carikan
2762,kenceng,kencang
2763,cuanti,cantik
2764,mbanya,mbaknya
2765,knlan,kenalan
2766,mbaakk,mbak
2767,mrka,mereka
2768,nyusahhin,menyusahkan
2769,byaran,bayaran
2770,wlawpun,walaupun
2771,sedangkn,sedangkan
2772,tnpa,tanpa
2773,bnggain,banggakan
2774,nyusahin,menyusahkan
2775,malu2in,malu-malui
2776,dibanggain,dibanggakan
2777,wlau,walau
2778,komenan,komentar
2779,"bangga""in",membangga-banggakan
2780,krya,karya
2781,"bilang""",bilang-bilang
2782,tinggall,tinggal
2783,dmna,dimana
2784,dripda,daripada
2785,bangga2in,membangga-banggakan
2786,dibnggain,dibanggakan
2787,karya2,karya-karya
2788,drimana,darimana
2789,ngepake',memakai
2790,gksalah,enggak salah
2791,nuntut,menuntut
2792,ngebiarin,membiarkan
2793,bhas,bahas
2794,lagu'y,lagunya
2795,jadiin,jadikan
2796,diem,diam
2797,nyampah,menyampah
2798,"mba""",mbak-mbak
2799,bukan'a,bukannya
2800,tappi,tapi
2801,kalli,kali
2802,pacara,pacaran
2803,"ngerebut""",merebut-rebut
2804,lluu,lu
2805,mbaa,mbak
2806,ngerussak,merusak
2807,"bela""in",membela-bela
2808,bellain,membela
2809,kallo,kalo
2810,coment,komen
2811,dewassa,dewasa
2812,comnet,komen
2813,"pikir""",pikir-pikir
2814,kaya'a,kayanya
2815,kuyyy,yuk
2816,kitaa,kita
2817,sgtu'y,sebegitunya
2818,ngebelain,membela
2819,tpii,tapi
2820,"karya""",karya-karya
2821,do,di
2822,cali,caci
2823,penghrgaan,penghargaan
2824,ajjh,saja
2825,lbihh,lebih
2826,baikk,baik
2827,drii,dari
2828,"artist""",artis-artis
2829,"maki""",maki-maki
2830,sendirinnya,sendirinya
2831,stidaknya,setidaknya
2832,may,mau
2833,trbaikk,terbaik
2834,punn,pun
2835,mengikutii,mengikuti
2836,atassan,atasan
2837,klauu,kalau
2838,jngnn,jangan
2839,so,sok
2840,sendirinyya,sendirinya
2841,frestasiii,prestasi
2842,mst,mesti
2843,add,ada
2844,see,sih
2845,sibukx,sibuknya
2846,in,ini
2847,katanyaa,katanya
2848,lawaaaas,lawas
2849,kocaaaak,kocak
2850,syng,sayang
2851,adenya,adeknya
2852,pkoknyaa,pokoknya
2853,dsana,disana
2854,dua2nya,dua-duanya
2855,sichhhhhhhhhh,sih
2856,nampak,menampak
2857,tetehh,teteh
2858,wooowww,wow
2859,cobain,coba
2860,muga,moga
2861,kenalin,mengenalkan
2862,janka,jangka
2863,wawwwww,wow
2864,waaaww,wow
2865,waaawwww,wow
2866,mantapp,mantap
2867,cobaaa,coba
2868,kageet,kaget
2869,bangettttttt,banget
2870,oplas,operasi plastik
2871,nambahh,bertambah
2872,paripurnahh,paripurna
2873,wanitah,wanita
2874,indonesiaah,indonesia
2875,cumn,cuman
2876,gegra,gegara
2877,brita,berita
2878,fotbar,foto bareng
2879,wajarrr,wajar
2880,sngt,sangat
2881,wk,waktu
2882,bingiittt,banget
2883,nampar,menampar
2884,tukan,tukang
2885,jatoh,jatuh
2886,"muka""",muka-muka
2887,cantik2nya,cantik-cantiknya
2888,sdgkn,sedangkan
2889,"apa""",apa-apa
2890,mancungin,memancungkan
2891,idung,hidung
2892,kusem,kusam
2893,drpada,daripada
2894,kmar,kamar
2895,diemm,diam
2896,tnggu,tunggu
2897,ketawain,mentertawakan
2898,yaelahhh,alah
2899,"sikap""",sikap-sikap
2900,bales,balas
2901,ampuun,ampun
2902,ngejatuhin,manjatuhkan
2903,ngelakuin,melakukan
2904,gedeg,gedek
2905,muka2,muka-muka
2906,eey,eh
2907,kslahan,kesalahan
2908,perhatiam,perhatian
2909,dibiarin,dibiarkan
2910,sbnrny,sebenarnya
2911,trjd,terjadi
2912,mkir,memikir
2913,hny,hanya
2914,apalai,apalagi
2915,bkal,bakal
2916,saat2,saat-saat
2917,nyadar,menyadari
2918,bka,buka
2919,berani2,berani-berani
2920,lucuuuuu,lucu
2921,pipi'y,pipinya
2922,gemmeeezzz,gemas
2923,sukam,suka
2924,menghilangkn,menghilangkan
2925,mnjdkan,menjadikan
2926,mudah2n,mudah-mudahan
2927,stlh,setelah
2928,soalx,soalnya
2929,keche,kece
2930,badaii,badai
2931,btuh,butuh
2932,ktanya,katanya
2933,bebrp,beberapa
2934,sblum,sebelum
2935,santab,santap
2936,salehah,salihah
2937,mikirin,memikirkan
2938,subhannallah,subhanallah
2939,konsul,konsultasi
2940,pengalam,pengalaman
2941,poko,pokok
2942,trun,turun
2943,kuninggg,kuning
2944,pinkkkk,pink
2945,warnany,warnanya
2946,seger,segar
2947,senangat,semangat
2948,msknya,masaknya
2949,kerennnn,keren
2950,ciptain,ciptakan
2951,bagussss,bagus
2952,sayangkuh,sayangku
2953,gans,ganteng
2954,kren,keren
2955,babget,banget
2956,dihh,dih
2957,jadu,jadi
2958,ksyngn,kesayangan
2959,haru,harus
2960,ngingetin,mengingatkan
2961,narik,menarik
2962,"orang""",orang-orang
2963,gokilll,gila
2964,astagaaaa,astaga
2965,hancuuuuuy,hancur
2966,mattihhh,mati
2967,beudd,banget
2968,termiribkan,termiripkan
2969,dngerin,mendengarkan
2970,brrti,berarti
2971,wenakk,enak
2972,nganteng,ganteng
2973,abanggg,abang
2974,seksii,seksi
2975,gtuh,begitu
2976,jadii,jadi
2977,emeezzz,gemas
2978,amohhh,kamu
2979,maau,mau
2980,eyke,aku
2981,gilakkkkk,gila
2982,awk,awak
2983,duhhhhh,duh
2984,wowww,wow
2985,liaatt,lihat
2986,iniiiii,ini
2987,aloh,allah
2988,ngettt,banget
2989,maso,masa
2990,brubah,berubah
2991,pelastik,plastik
2992,keak,kayak
2993,dengerin,dengarkan
2994,pahamin,pahami
2995,takuuuuut,takut
2996,ahahahanjirrr,anjir
2997,jogetin,berjoget
2998,shaay,say
2999,boker,berak
3000,pacarnyaa,pacarnya
3001,siapaa,siapa
3002,matii,mati
3003,ketawaa,ketawa
3004,wanjiir,anjir
3005,bw,bawa
3006,minta,meminta
3007,bnran,benaran
3008,sgla,segala
3009,uitnya,duitnya
3010,beliiin,belikan
3011,yaaah,ya
3012,sekaeang,sekarang
3013,tgk,tengok
3014,tanyain,tanyakan
3015,jatuhnyaa,jatuhnya
3016,banyakin,membanyaki
3017,tipu2nya,tipu-tipunya
3018,doaang,doang
3019,gituan,begituan
3020,kaj,kak
3021,wahhhhhh,wah
3022,iiiiiiiii,ih
3023,kaliiiiiii,kali
3024,melebihin,melebihi
3025,gakpapa,enggak apa-apa
3026,kalogak,kalo enggak
3027,sm2,sama-sama
3028,ndukung,mendukung
3029,kaaaaa,kak
3030,aamiinnn,amin
3031,skluarga,sekeluarga
3032,suaminga,suaminya
3033,berhijap,berhijab
3034,smgaa,semoga
3035,istiqamah,istikamah
3036,cuaaantikk,cantik
3037,muraaaaah,murah
3038,baraang,barang
3039,aamiiin,amin
3040,bets,banget
3041,alhamdulillaaaaah,alhamdulillah
3042,sembuhin,menyembuhkan
3043,pengrusak,perusak
3044,ngoceh,mengoceh
3045,aduhhh,aduh
3046,hpus,hapus
3047,pjang,pajang
3048,bdampingan,berdampingan
3049,kaga,kagak
3050,uih,uh
3051,"serem""",seram-seram
3052,"happi""",hepi-hepi
3053,bgtuu,begitu
3054,mff,maaf
3055,ktwa,ketawa
3056,trlalu,terlalu
3057,jjur,jujur
3058,ngmg,mengomong
3059,semogaa,semoga
3060,kepelesett,terpeleset
3061,geeelaakk,gila
3062,bolang,bocah petualang
3063,pkek,pakai
3064,lagihh,lagi
3065,hedeuuhh,aduh
3066,stress,stres
3067,saltummmm,salah kostum
3068,mboizzz,bois
3069,suda,sudah
3070,kayaq,kayak
3071,ema,emak
3072,dirumahny,dirumahnya
3073,yuh,tuh
3074,rmbt,rambut
3075,apus,hapus
3076,siapayahh,siapa ya
3077,kostom,kostum
3078,gnii,begini
3079,atuu,satu
3080,pipinyaaa,pipinya
3081,bungkuuuuuuuuusss,bungkus
3082,iiiihhhhhj,ih
3083,emeessss,gemas
3084,pipine,pipinya
3085,glembeeeer,gelambir
3086,lucunaaa,lucunya
3087,cubanget,lucu banget
3088,pengenn,pengin
3089,unyuuk,unyu
3090,dedek,adek
3091,lucunyah,lucunya
3092,mantaaap,mantap
3093,keduaa,kedua
3094,trsrh,terserah
3095,ksih,kasih
3096,seterong,setrong
3097,teyuss,terus
3098,dimasukin,dimasuki
3099,jelekin,menjelekkan
3100,jahatin,menjahati
3101,tai,tahi
3102,qo,kok
3103,nulis,menulis
3104,nyebutin,menyebutkan
3105,ngertiin,mengerti
3106,rasaiin,rasai
3107,gakusah,enggak usah
3108,disni,disini
3109,sabarrr,sabar
3110,semangaatttt,semangat
3111,nyalahin,menyalahkan
3112,bedainnya,membedakannya
3113,keknya,kayaknya
3114,krus,kurus
3115,elaaaahhhh,alah
3116,cogan,cowok ganteng
3117,tap8,tapi
3118,pandanginya,memandanginya
3119,kenaliiin,kenalkan
3120,banyak2,banyak-banyak
3121,yo,ya
3122,suko,suka
3123,niih,nih
3124,sihhhh,sih
3125,"sebaik""",sebaik-baik
3126,segtu,sebegitu
3127,ngebenci,membenci
3128,bakar2in,bakar-bakari
3129,padhe,pakde
3130,yya,ya
3131,atw,atau
3132,dosa2mu,dosa-dosamu
3133,maafin,memaafi
3134,gile,gila
3135,ujung2,ujung-ujung
3136,dalem2,dalam-dalam
3137,kgak,kagak
3138,bahas2,bahas-bahas
3139,ud,sudah
3140,woles,selow
3141,hianatin,khianati
3142,halangin,halangi
3143,iyuh,ih
3144,iyuuuhhhh,ih
3145,gaje,enggak jelas
3146,gabakal,enggak bakal
3147,adapin,menghadapi
3148,ngehakimi,menghakimi
3149,ngejuangin,memperjuangkan
3150,dipojokin,dipojokkan
3151,bacotin,bacoti
3152,berati,berarti
3153,kebangetak,kebangetan
3154,tangkep,tangkap
3155,bt,buat
3156,sadis2,sadis-sadis
3157,maksir,menaksir
3158,hebatt,hebat
3159,pndang,pandang
3160,pmbelajaran,pembelajaran
3161,ngejelek,menjelekkan
3162,maslah,masalah
3163,mmperbaiki,memperbaiki
3164,nahan,menahan
3165,kafeh,kafe
3166,remang2,remang-remang
3167,mlh,malah
3168,tinggl,tinggal
3169,dirmh,dirumah
3170,iyuuhhh,ih
3171,ktika,ketika
3172,dipuja2,dipuja-puja
3173,ngrasain,merasai
3174,ityl,itil
3175,hbs,habis
3176,marah2,marah-marah
3177,wenak,enak
3178,ngarang,mengarang
3179,kelas'a,kelasnya
3180,hadeeehhh,aduh
3181,"kecil""",kecil-kecil
3182,"gtu""an",begitu-gituan
3183,gmanapun,bagaimanapun
3184,kr,kira
3185,nenek2,nenek-nenek
3186,taux,taunya
3187,urat2nya,urat-uratnya
3188,ketarik,tertarik
3189,ngorbanin,mengorbankan
3190,eksprsi,ekspresi
3191,gitulah,begitulah
3192,"foto""",foto-foto
3193,mamas,mas
3194,bandingin,bandingkan
3195,tua2,tua-tua
3196,terus2an,terus-terusan
3197,waduhh,waduh
3198,"bawa""",bawa-bawa
3199,badingkan,membandingkan
3200,ngurus,mengurus
3201,lanjutin,lanjutkan
3202,ributin,meributkan
3203,brantem,berantem
3204,belain,membela
3205,lipetan,lipatan
3206,"nenek""",nenek-nenek
3207,bneraan,benaran
3208,kageeet,kaget
3209,sangaaattt,sangat
3210,rmbuut,rambut
3211,nt,nanti
3212,walik,balik
3213,oma2,oma-oma
3214,kellen,kalian
3215,nyerocos,mencerocos
3216,ibuk2,ibu-ibu
3217,ngomenin,mengomentari
3218,iseng2,iseng-iseng
3219,niyyyyhhhh,nih
3220,sexi2,seksi-seksi
3221,blik,balik
3222,kenape,kenapa
3223,ladenin,meladeni
3224,skit,sakit
3225,hat,hati
3226,jilbabnye,jilbabnya
3227,ledkin,meledeki
3228,digabtikan,digantikan
3229,jng,jangan
3230,ngumung,mengomong
3231,ilang-in,hilangkan
3232,prinadi,pribadi
3233,luh,lu
3234,yep,ya
3235,helooooo,halo
3236,palingann,palingan
3237,berjinah,berzina
3238,munaafikk,munafik
3239,urusn,urusan
3240,saudra,saudara
3241,trganggu,terganggu
3242,bhijab,berhijab
3243,lepasin,melepas
3244,smentara,sementara
3245,waduhhh,waduh
3246,ursan,urusan
3247,sudab,sudah
3248,dwsa,dewasa
3249,rpt2,repot-repot
3250,ngaji,mengaji
3251,nmr,nomor
3252,romantiz,romantis
3253,murmer,murah meriah
3254,pensaran,penasaran
3255,baru2,baru-baru
3256,yuukk,yuk
3257,kitaaa,kita
3258,lainnyaa,lainnya
3259,perbulannn,perbulan
3260,penyebab2,penyebab-penyebab
3261,nyupir,menyopir
3262,steess,stres
3263,kwatir,kawatir
3264,tengah2,tengah-tengah
3265,duetin,duet
3266,mudaa,muda
3267,sebenernya,sebenarnya
3268,silsturahmi,silaturahmi
3269,dijkt,dijakarta
3270,cums,cuma
3271,undangan2,undangan-undangan
3272,past,pasti
3273,ayukk,yuk
3274,ngucapin,mengucapkan
3275,filmny,filmnya
3276,nobar,menonton bareng
3277,kemariin,kemarin
3278,knpp,kenapa
3279,lggi,lagi
3280,gaprgi,enggak pergi
3281,aaahh,ah
3282,pa2,apa-apa
3283,dtunggu,ditunggu
3284,masa2,masa-masa
3285,kepikir,terpikir
3286,seruuu,seru
3287,emeshh,gemas
3288,kaya,kayak
3289,astagaaaaaa,astaga
3290,pacarn,pacaran
3291,ktg,kita
3292,pacaranya,pacarannya
3293,mbaak,mbak
3294,ngalah,mengalah
3295,de,dek
3296,pacarane,pacarannya
3297,rusakkk,rusak
3298,yaaampunnn,ya ampun
3299,tuwek,tua
3300,mukae,mukanya
3301,ultahe,ultahnya
3302,kliatanya,kelihatannya
3303,pcaranya,pacarannya
3304,bermaksut,bermaksud
3305,tampialannya,tampilannya
3306,nikaah,nikah
3307,"anak""",anak-anak
3308,pankapan,kapan-kapan
3309,ngumbar,mengumbar
3310,dhpusin,dihapuskan
3311,istiqomah,istikamah
3312,mnutup,menutup
3313,bngatt,banget
3314,dii,di
3315,ooh,oh
3316,hapusin,hapuskan
3317,lohhh,loh
3318,ngeuh,engah
3319,sneng,senang
3320,mutusin,memutuskan
3321,ngapus,menghapus
3322,awl,awal
3323,hrus,harus
3324,bngkit,bangkit
3325,mncoba,mencoba
3326,wahhh,wah
3327,mutuain,memutuskan
3328,smw,semua
3329,geuliiiiiiis,geulis
3330,euyyyyy,euy
3331,uuh,uh
3332,ngirim,mengirim
3333,ngidam,mengidam
3334,waah,wah
3335,sampis,sampah habis
3336,maapin,maaf
3337,ngebala,bala
3338,mampuussss,mampus
3339,diihhhh,dih
3340,hrusnya,harusnya
3341,sabal,sabar
3342,udahlah,sudahlah
3343,kauuuu,kau
3344,sabaro,sabar
3345,eehhh,eh
3346,iiii,ih
3347,kreative,kreatif
3348,bangrt,banget
3349,azekkkk,asik
3350,kuaaatt,kuat
3351,bhet,banget
3352,inggrisny,inggrisnya
3353,dsna,disana
3354,iyaap,iya
3355,mksih,terima kasih
3356,nga,enggak
3357,canyk,cantik
3358,prodac,produk
3359,nyesell,menyesal
3360,ciyusss,serius
3361,cyin,cinta
3362,bangetttttttt,banget
3363,sexi,seksi
3364,bundaaaa,bunda
3365,bangget,banget
3366,bettt,banget
3367,cantiiillx,cantik
3368,brapa,berapa
3369,alaami,alami
3370,sabaarrr,sabar
3371,cantiiiikk,cantik
3372,bangeeeeetttt,banget
3373,cannntikk,cantik
3374,banggett,banget
3375,thnan,tahunan
3376,cuantik,cantik
3377,segerr,segar
3378,wouww,wow
3379,cantiiikkk,cantik
3380,pen,pengin
3381,catokin,catok
3382,ikut2an,ikut-ikutan
3383,comment2nya,komentar-komentarnya
3384,teman2,teman-teman
3385,besar2an,besar-besaran
3386,knsul,konsultasi
3387,brhasil,berhasil
3388,hilangin,menghilangkan
3389,kontak2,kontak-kontak
3390,dptnya,dapatnya
3391,applikasi,aplikasi
3392,kereeeeen,keren
3393,bngeet,banget
3394,gemesinnnnn,menggemaskan
3395,ongkiir,ongkir
3396,ajaibbbbb,ajaib
3397,saayyyyy,say
3398,lohhhh,loh
3399,ganteung,ganteng
3400,bhgia,bahagia
3401,iiiiiiiiii,ih
3402,lucuukk,lucu
3403,keciil,kecil
3404,yakinn,yakin
3405,pentass,pentas
3406,ngarep,mengharap
3407,lucu2,lucu-lucu
3408,testinya,testimoninya
3409,mengirusi,mengurusi
3410,khdpn,kehidupan
3411,ngelawan,melawan
3412,betuuuuulllllllllllllllll,betul
3413,bisax,bisanya
3414,klmbutan,kelembutan
3415,seburuk2,seburuk-buruk
3416,diingetin,diingatkan
3417,ngeriiiiii,ngeri
3418,akhlah,akhlak
3419,elo2,lo-lo
3420,mandiin,memandikan
3421,nguburin,menguburkan
3422,ngebedain,membedakan
3423,urusanny,urusannya
3424,tuhanny,tuhannya
3425,brtngkar,bertengkar
3426,pndapat,pendapat
3427,looh,loh
3428,sharusnya,seharusnya
3429,mngkannya,mangkanya
3430,nyia2in,menyia-nyiakan
3431,brarti,berarti
3432,mndpat,mendapat
3433,kpuasan,kepuasan
3434,sgampang,segampang
3435,mlepaskan,melepaskan
3436,trll,terlalu
3437,sndr,sendiri
3438,sellow,selow
3439,sbbrnya,sebenarnya
3440,kasar2,kasar-kasar
3441,semangattt,semangat
3442,testi,testimoni
3443,banyaak,banyak
3444,bujukk,bujuk
3445,d.apa,diapa
3446,apain,apai
3447,dsar,dasar
3448,benetaran,benaran
3449,bneran,benaran
3450,si,sih
3451,kraya,karya
3452,brg,bareng
3453,ngebantu,membantu
3454,janjutin,lanjutkan
3455,kepppoin,kepoi
3456,recommendasi,rekomendasi
3457,btulan,betulan
3458,kha,kah
3459,s,si
3460,tutupin,menutupi
3461,wik,wig
3462,ithu,itu
3463,botakin,botaki
3464,botakkkk,botak
3465,bnrn,benaran
3466,week,wig
3467,gawul,gaul
3468,modes,modis
3469,brayyy,bray
3470,kcantikan,kecantikan
3471,bronis,brondong manis
3472,gapunya,enggak punya
3473,bkln,bakalan
3474,kecantikanga,kecantikannya
3475,hiii,hai
3476,piiiilih,pilih
3477,deeh,deh
3478,zama,zaman
3479,gnti,ganti
3480,nmnya,namanya
3481,tapo,tapi
3482,gkk,enggak
3483,petinggi2,petinggi-petinggi
3484,wota2,wota-wota
3485,indefendet,independen
3486,tempat2,tempat-tempat
3487,taik,tahi
3488,yuuuukkk,yuk
3489,dituutup,ditutup
3490,ngayal,mengkhayal
3491,smvk,sempak
3492,knyataan,kenyataan
3493,njrittt,anjir
3494,selmt,selamat
3495,taz,atas
3496,klhran,kelahiran
3497,pertma,pertama
3498,kelahuran,kelahiran
3499,pertamany,pertamanya
3500,mamax,mamanya
3501,ankx,anaknya
3502,cantip,cantik
3503,klahiran,kelahiran
3504,slmat,selamat
3505,mmbanggakan,membanggakan
3506,ortuny,orang tuanya
3507,selmat,selamat
3508,bnda,bunda
3509,nyah,nya
3510,prtamax,pertamanya
3511,moqa,moga
3512,yq,yang
3513,brbakti,berbakti
3514,gewlaaaaa,gila
3515,basodaraa,bersaudara
3516,hargs,harga
3517,perhatiin,perhatikan
3518,abal2,abal-abal
3519,bantuim,bantu
3520,adl,adalah
3521,pelwak,pelawak
3522,suces,sukses
3523,sucses,sukses
3524,garemin,garami
3525,gapake,enggak pakai
3526,ngiringan,mengiringi
3527,karir.a,karirnya
3528,aamin,amin
3529,teruz,terus
3530,kemarn,kemarin
3531,recomendasinya,rekomendasinya
3532,promoo,promo
3533,ongkirr,ongkir
3534,mskasih,terima kasih
3535,wowwwww,wow
3536,seeeemua,semua
3537,batesin,batasi
3538,bijin,bikin
3539,ngeidealin,mengidealkan
3540,bhn,bahan
3541,gasalah,enggak salah
3542,brsma,bersama
3543,le,boleh
3544,ugha,juga
3545,semuaaa,semua
3546,heeee,hai
3547,rame2,rame-rame
3548,yam,ya
3549,kartunin,kartun
3550,kyaknya,kayaknya
3551,abez,habis
3552,baaaaaang,bang
3553,ganteeeeng,ganteng
3554,entahhh,entah
3555,gimanaaaa,bagaimana
3556,duuhh,duh
3557,gantengnyaaaa,gantengnya
3558,kpn2,kapan-kapan
3559,pans,fan
3560,kuliyh,kuliah
3561,gantengkuuuuuu,gantengku
3562,atassss,atas
3563,orgny,orangnya
3564,owalaah,walah
3565,aslinyo,aslinya
3566,alissnyaa,alisnya
3567,masaaaa,masa
3568,komuk,muka
3569,kalahnye,kalahnya
3570,iyaaaa,iya
3571,fakultass,fakultas
3572,smrg,semarang
3573,unyu2,unyu-unyu
3574,yyaaa,ya
3575,insonniaaa,insomnia
3576,adekx,adeknya
3577,azaab,azab
3578,gksi,enggak sih
3579,greged,greget
3580,alamiii,alami
3581,ktemu,ketemu
3582,ditayangin,ditayangkan
3583,"ms""",masa-masa
3584,meranin,memerankan
3585,nontonny,menontonnya
3586,rekomendasiiin,merekomendasikan
3587,sista2,sista-sista
3588,agan2,agan-agan
3589,ngg,enggak
3590,nanget,banget
3591,ngeditnya,mengeditnya
3592,himana,bagaimana
3593,kekgini,kayak begini
3594,subhanaallahh,subhanallah
3595,sangat2,sangat-sangat
3596,terharuuuu,terharu
3597,"kata""",kata-kata
3598,subhanallahhh,subhanallah
3599,tlsn,tulisan
3600,nagiss,menangis
3601,aneut,banget
3602,trrharu,terharu
3603,subhnallah,subhanallah
3604,allahh,allah
3605,suamiii,suami
3606,dcintai,dicintai
3607,klrga,keluarga
3608,liat'y,lihatnya
3609,lggeng,langgeng
3610,romantisny,romatisnya
3611,duhhh,duh
3612,pcar,pacar
3613,kakanga,kakaknya
3614,slw,selow
3615,cpa,siapa
3616,akuu,aku
3617,aelah,alah
3618,orabg,orang
3619,mukanyaa,mukanya
3620,kakakny,kakaknya
3621,woooyy,woy
3622,ngelucu,melucu
3623,bukak,buka
3624,mato,mata
3625,kareno,karena
3626,cino,cina
3627,munafikk,munafik
3628,meker,mikir
3629,indoneaia,indonesia
3630,benarin,membenarkan
3631,jaadii,jadi
3632,apo,apa
3633,nyo,nya
3634,miara,memiara
3635,jalanani,menjalani
3636,dalil2,dalil-dalil
3637,sunah2,sunah-sunah
3638,sdah,sudah
3639,benda2,benda-benda
3640,bilang2,bilang-bilang
3641,emangnya,memangnya
3642,rumpiin,rumpi
3643,hotak,botak
3644,ikut2,ikut-ikut
3645,jawabanny,jawabannya
3646,mikir2,memikir-mikir
3647,melihara,memelihara
3648,oooh,oh
3649,hidupx,hidupnya
3650,ngefans,fan
3651,lsg,langsung
3652,uztad,ustad
3653,anjingnyaa,anjingnya
3654,pegang2,pegang-pegang
3655,ilmh,ilmu
3656,menasehati,menasihati
3657,suka2,suka-suka
3658,kelus,kali
3659,hubngan,hubungan
3660,koclak,kocak
3661,bju,baju
3662,cinggirnyaaaa,cinggirnya
3663,yahhhh,ya
3664,miripppp,mirip
3665,sedikitlaahh,sedikitlah
3666,miriplahhhhhh,miriplah
3667,syediih,sedih
3668,mirp,mirip
3669,baju.a,bajunya
3670,wiiiihhhhhhhhh,wih
3671,gantheng,ganteng
3672,synk,sayang
3673,ngfans,fan
3674,miriiippp,mirip
3675,idungnya,hidungnya
3676,wooow,wow
3677,panglingg,pangling
3678,artisnyaa,artisnya
3679,dtggu,ditunggu
3680,trnyata,ternyata
3681,bgtttttttt,banget
3682,rapih,rapi
3683,buuun,bun
3684,iyaappps,iya
3685,sukse,sukses
3686,nih2,nih-nih
3687,baruu,baru
3688,kecptan,kecepatan
3689,rmbutnya,rambutnya
3690,giti,begitu
3691,penganten,pengantin
3692,wrn,warna
3693,ne,ini
3694,cantikkkkk,cantik
3695,fans,fan
3696,loksyut,lokasi syuting
3697,amfun,ampun
3698,k',kak
3699,asuuu,asu
3700,kuu,ku
3701,dsini,disini
3702,dibls,dibalas
3703,ceklist,ceklis
3704,terusss,terus
3705,tlvn,telepon
3706,trkrim,terkirim
3707,kelaluan,kelakuan
3708,guanteng,ganteng
3709,cucok,cocok
3710,c,sih
3711,gueee,gue
3712,semangatt,semangat
3713,haduh,aduh
3714,mlz,malas
3715,emak2,emak-emak
3716,tante2,tante-tante
3717,kepoh,kepo
3718,jalanin,menjalani
3719,repong,repot
3720,ngrusin,mengurusi
3721,dnk,dong
3722,senyumna,senyumnya
3723,ngejelek2in,menjelek-jelekkan
3724,hotx,hotnya
3725,cwnya,ceweknya
3726,mbaaahhh,mbah
3727,pasangn,pasangan
3728,sttus,status
3729,aama,sama
3730,hadeuuhhhh,aduh
3731,lebar2,lebar-lebar
3732,sstu,sesuatu
3733,serasiii,serasi
3734,cocokx,cocoknya
3735,emakx,emaknya
3736,iniiiiiiiiiiiiiii,ini
3737,cocookk,cocok
3738,kll,kalo
3739,arghhh,ah
3740,ungkapin,ungkapkan
3741,merrid,merit
3742,neh,nih
3743,cocokkkkk,cocok
3744,yaolohh,ya allah
3745,aee,saja
3746,naggung,menanggung
3747,battt,banget
3748,am,sama
3749,tah,teh
3750,luthuna,lucunya
3751,astagaaa,astaga
3752,suaraynyaa,suaranya
3753,duanyaa,duanya
3754,anjayyyy,anjay
3755,coeggg,coeg
3756,ancur,hancur
3757,koplak,kocak
3758,uaaasssiiiik,asik
3759,boss,bos
3760,nyubit,mencubit
3761,dede,adek
3762,gemez,gemas
3763,tium,cium
3764,gemeeezzzz,gemas
3765,ppa,papa
3766,papahhhnya,papahnya
3767,duuuhh,duh
3768,ginting,ganteng
3769,bingiiittzz,banget
3770,iiihh,ih
3771,dedeknya,adeknya
3772,hadeeuh,aduh
3773,geneeee,begini
3774,yooow,ya
3775,gemezz,gemas
3776,gayax,gayanya
3777,infpyunnnn,ampun
3778,paraaah,parah
3779,papiii,papi
3780,kamunyaa,kamunya
3781,ngambek,mengambek
3782,haduuuh,aduh
3783,kapaan,kapan
3784,nginjek,menginjak
3785,putihnyaa,putihnya
3786,ituuuu,itu
3787,omaaaaaaakk,oma
3788,loncattt,loncat
3789,didatengin,didatangi
3790,abg,abang
3791,kmariiin,kemarin
3792,ayoklaa,ayolah
3793,jelasssss,jelas
3794,kaliiin,kalian
3795,ujunggg,ujung
3796,kaakaaaa,kakak
3797,srruu,seru
3798,kannn,kan
3799,jmpaaaa,jumpa
3800,yukkk,yuk
3801,haii,hai
3802,syukaaakkk,suka
3803,dengeeriin,dengarkan
3804,yakaliiiii,yakali
3805,atuhh,atuh
3806,ngertii,mengerti
3807,apalgi,apalagi
3808,akuh,aku
3809,mesrany,mesranya
3810,jendes,janda
3811,ngggk,enggak
3812,coccokk,cocok
3813,msa,masa
3814,jendesss,janda
3815,klepek2,klepek-klepek
3816,bngtttt,banget
3817,ponakn,ponakan
3818,tantee,tante
3819,gadiss,gadis
3820,tpy,tapi
3821,jnda,janda
3822,bngy,banget
3823,bujngn,bujangan
3824,ngp,mengapa
3825,padetan,padatan
3826,bawa2,bawa-bawa
3827,nyobain,mencoba
3828,pcaran,pacaran
3829,or,orang
3830,tdak,tidak
3831,prcuma,percuma
3832,langgengggg,langgeng
3833,sekaliiiii,sekali
3834,anehhh,aneh
3835,hayal,khayal
3836,bedua,berdua
3837,bapeerr,bawa perasaan
3838,keinget,teringat
3839,merekak,mereka
3840,kreeenn,keren
3841,abisss,habis
3842,kocaaaakkk,kocak
3843,abiiiss,habis
3844,pass,pas
3845,personill,personil
3846,lengkapp,lengkap
3847,ampuuun,ampun
3848,iiihhhh,ih
3849,flim.a,filmnya
3850,trusan.a,terusannya
3851,tdung,tudung
3852,gangguin,mengganggu
3853,lgkah2,langkah-langkah
3854,taw,tau
3855,cntiiikkk,cantik
3856,tegaar,tegar
3857,sktlrang,sekarang
3858,kangeeeennnnn,kangen
3859,sjk,sejak
3860,tambh,tambah
3861,nangiis,menangis
3862,nyaaaaaaaaa,nya
3863,bundaa,bunda
3864,duuhhhhh,duh
3865,gaada,enggak ada
3866,malsudnya,maksudnya
3867,lluuccuu,lucu
3868,siappa,siapa
3869,martabakk,martabak
3870,skali2,sekali-kali
3871,kueren2,keren-keren
3872,abgnya,abangnya
3873,warkop,warung kopi
3874,hayuu,hayo
3875,kenapaa,kenapa
3876,ilang2an,hilang-hilangan
3877,ayooook,ayo
3878,astagaaaaaaaa,astaga
3879,inihhh,ini
3880,oom,om
3881,mansetan,bermanset
3882,cadasss,cadas
3883,kereeeeennn,keren
3884,"temen""",teman-teman
3885,telefisi,televisi
3886,nikmatin,menikmati
3887,mantappp,mantap
3888,mbahh,mbah
3889,giitu,begitu
3890,mtanya,matanya
3891,cpit,sipit
3892,dee,dek
3893,sumvahh,sumpah
3894,tamvann,tampan
3895,guaaaaaaa,gua
3896,capa,sapa
3897,ngakakkk,mengakak
3898,liaat,lihat
3899,gantweng,ganteng
3900,anjjjjjjjj,anjing
3901,gakwad,enggak kuat
3902,seru2,seru-seru
3903,iniii,ini
3904,favoriteeee,favorit
3905,adaa,ada
3906,dinyanyiin,dinyanyikan
3907,seruu,seru
3908,nyengir,menyengir
3909,temennya,temannya
3910,klk,kelak
3911,brjdh,berjodoh
3912,akhrt,akhirat
3913,kangennnnn,kangen
3914,kanggen,kangen
3915,kangennnnnnn,kangen
3916,ysh,ya
3917,sypa,siapa
3918,nangisss,menangis
3919,brjodoh,berjodoh
3920,kaliann,kalian
3921,barengg,bareng
3922,kpnpun,kapanpun
3923,mendj,menjadi
3924,allahhhh,allah
3925,merindinggg,merinding
3926,amiennnn,amien
3927,iihh,ih
3928,lhir,lahir
3929,udeh,sudah
3930,menjdi,menjadi
3931,debay,adek bayi
3932,bangeer,banget
3933,lafazd,lafaz
3934,pmbyran,pembayaran
3935,plsa,pulsa
3936,"dimana""",dimana-mana
3937,sokk,sok
3938,ngambekan,ambekan
3939,sma2,sama-sama
3940,ngom,mengomong
3941,toloollll,tolol
3942,bodhooo,bodoh
3943,peliharaaaa,pelihara
3944,makanyaa,makanya
3945,"ati""",hati-hati
3946,kemakan,termakan
3947,bodhoo,bodoh
3948,siihhh,sih
3949,andaaa,anda
3950,buktinyaaa,buktinya
3951,smuaaa,semua
3952,ngambeknya,mengambeknya
3953,kebongkar,terbongkar
3954,tapii,tapi
3955,kasiian,kasihan
3956,diladenin,diladeni
3957,comen,komen
3958,ngtif,negatif
3959,comntr,komentar
3960,kaliannn,kalian
3961,brdiri,berdiri
3962,mulutny,mulutnya
3963,msalah,masalah
3964,trserh,terserah
3965,waduuuuh,waduh
3966,ngedukung,mendukung
3967,dihpus,dihapus
3968,mrekaa,mereka
3969,cakeeeeppp,cakep
3970,benerr,benar
3971,"brg""",bareng-bareng
3972,baanget,banget
3973,anjaaaayyyyyy,anjay
3974,ngetsz,banget
3975,utkmu,untukmu
3976,anj,anjing
3977,merekaa,mereka
3978,kann,kan
3979,dieee,dia
3980,yaahh,ya
3981,hijap,hijab
3982,ternodain,ternodai
3983,ngeri2,ngeri-ngeri
3984,mn,mana
3985,kt2,kata-kata
3986,agk,agak
3987,slhkan,salahkan
3988,jilbabny,jilbabnya
3989,perilakuny,perilakunya
3990,ketaatanny,ketaatannya
3991,kepda,kepada
3992,sblmny,sebelumnya
3993,bljr,belajar
3994,pedulilaaaah,pedulilah
3995,ingetin,mengingatkan
3996,terjrumus,terjerumus
3997,stuju,setuju
3998,sbb,sebab
3999,igtlah,ingatlah
4000,dtgkan,datangkan
4001,benahin,membenahi
4002,ohhhh,oh
4003,yapp,ya
4004,jauhh,jauh
4005,bingitt,banget
4006,buka2an,buka-bukaan
4007,ngembali,kembali
4008,semngat,semangat
4009,lekong,laki
4010,kacauuuu,kacau
4011,ngimpi,mimpi
4012,ngerampas,merampas
4013,ngehancurin,menghancurkan
4014,ngungkit2,mengungkit-ungkit
4015,kaleee,kali
4016,caranga,caranya
4017,usa,usah
4018,dipikirin,dipikirkan
4019,nunduk,menunduk
4020,tembemmm,tembem
4021,lucuuuuuuuuuu,lucu
4022,bundaaa,bunda
4023,nyubitt,mencubit
4024,jls2,jelas-jelas
4025,supeer,super
4026,inni,ini
4027,appa,apa
4028,hayooo,hayo
4029,adyem,adem
4030,mitnah,memfitnah
4031,cantiknyaaaaa,cantiknya
4032,tmbm,tembam
4033,cantix,cantik
4034,kriput,keriput
4035,jelex,jelek
4036,drmn,darimana
4037,"laku""",laku-laku
4038,"orang""nya",orang-orangnya
4039,cape,capek
4040,mancing2,memancing-mancing
4041,eeeeh,eh
4042,kpancing,terpancing
4043,lakuin,melakukan
4044,cri,cari
4045,sbenernya,sebenarnya
4046,mikirinnn,memikirkan
4047,"diam""",diam-diam
4048,mengalahkn,mengalahkan
4049,nyindirin,menyindir
4050,nee,ini
4051,klakuan,kelakuan
4052,mksdx,maksudnya
4053,shabat,sahabat
4054,jk,jika
4055,brbuat,berbuat
4056,mmberi,memberi
4057,nm,nama
4058,sbhabat,sahabat
4059,pnjerumus,penjerumus
4060,tman,teman
4061,shbat,sahabat
4062,melakukn,melakukan
4063,seorg,seorang
4064,berkluarga,berkeluarga
4065,siapa2,siapa-siapa
4066,ketipu,tertipu
4067,"laki""",laki-laki
4068,mengait2kan,mengait-ngaitkan
4069,nyir2,nyinyir
4070,gosipin,menggosipkan
4071,sendri,sendiri
4072,bntar,bentar
4073,duuuhhh,duh
4074,nmbk,menembak
4075,gakkk,enggak
4076,abiiiiisssss,habis
4077,tikung2,tikung-tikung
4078,cwok,cowok
4079,bangedd,banget
4080,wuastagah,astaga
4081,bedaaa,beda
4082,jaoooh,jauh
4083,mateeeeeeeeeeee,mati
4084,parsis,persis
4085,sumpeh,sumpah
4086,iyh,iya
4087,kmana,kemana
4088,cantiqs,cantik
4089,kecik,kecil
4090,brasa,berasa
4091,trlihat,terlihat
4092,mmberikan,memberikan
4093,khidupan,kehidupan
4094,srpti,seperti
4095,dinamakn,dinamakan
4096,sgtu,sebegitu
4097,paati,pasti
4098,kutuu,kutu
4099,setelur2nya,setelur-telurnya
4100,khadiran,kehadiran
4101,kel,keluarga
4102,srta,serta
4103,kcil,kecil
4104,kberkahn,keberkahan
4105,kbahagiaan,kebahagiaan
4106,tntram,tentram
4107,brsama,bersama
4108,hngga,hingga
4109,brpndapat,berpendapat
4110,trutama,terutama
4111,hiraukn,hiraukan
4112,diamkn,diamkan
4113,hrsny,harusny
4114,brsyukur,bersyukur
4115,mmberikn,memberikan
4116,rasakn,rasakan
4117,cari2,cari-cari
4118,kesalahanny,kesalahannya
4119,kekuranganny,kekurangannya
4120,seandainy,seandainya
4121,perasaanny,perasaannya
4122,diindonesis,diindonesia
4123,liyatnya,lihatnya
4124,kayahhh,kaya
4125,ala2,ala-ala
4126,yook,yuk
4127,yoookkkk,yuk
4128,siihh,sih
4129,elus2,elus-elus
4130,asliiiii,asli
4131,aduuhhhh,aduh
4132,belom,belum
4133,padahl,padahal
4134,btul,betul
4135,kejahatn,kejahatan
4136,slam,salam
4137,ngelewati,melewati
4138,kalu,kalau
4139,ngerendahin,merendahkan
4140,apaalahh,apalah
4141,tnp,tanpa
4142,menyebut2,menyebut-nyebut
4143,mnt,minta
4144,kiya,kita
4145,miriiiiip,mirip
4146,dirimuuu,dirimu
4147,yoiiu,yoi
4148,semuanyaaaa,semuanya
4149,suka.a,sukanya
4150,jdii,jadi
4151,blnja,belanja
4152,brangnya,barangnya
4153,ada2,ada-ada
4154,nimpuk,menimpuk
4155,abiss,habis
4156,prlu,perlu
4157,coyyy,coy
4158,suaranyaa,suaranya
4159,jnagn,jangan
4160,kcwa,kecewa
4161,jaman2,jaman-jaman
4162,sok2an,sok-sokan
4163,dket2in,dekat-dekati
4164,cobak,coba
4165,britanya,beritanya
4166,tau2,tau-tau
4167,mahh,mah
4168,jamam,jaman
4169,paraa,para
4170,seharusny,seharusnya
4171,dasaar,dasar
4172,bergunaa,berguna
4173,mulutnyaaa,mulutnya
4174,blkng,belakang
4175,kcewa,kecewa
4176,mnusuk,menusuk
4177,blkang,belakang
4178,nembak,menembak
4179,trmanis,termanis
4180,krng,kurang
4181,kaciiaann,kasihan
4182,nyela,mencela
4183,ngejilat,menjilat
4184,hallooo,halo
4185,deketin,dekati
4186,tayik,tahi
4187,halooo,halo
4188,ustzah,ustazah
4189,halow,halo
4190,poooolllll,pol
4191,tahannn,tahan
4192,aduuh,aduh
4193,nyimpen,menyimpan
4194,ngarsipin,mengarsipkan
4195,cman,cuman
4196,gituuuuu,begitu
4197,kyy,kaya
4198,kngn,kangen
4199,kq,kok
4200,nyesek,menyesak
4201,rinduuuuuuu,rindu
4202,b2,berdua
4203,kangeeeennn,kangen
4204,mg,moga
4205,aamiiiiinnn,amin
4206,gemezzzz,gemas
4207,kangennnnnn,kangen
4208,prh,parah
4209,bakattt,bakat
4210,napsuu,napsu
4211,gmau,enggak mau
4212,luccu,lucu
4213,prasaan,perasaan
4214,lahirr,lahir
4215,setujuuuu,setuju
4216,sering2,sering-sering
4217,ceemen,cemen
4218,"sembunyi""""",sembunyi-sembunyi
4219,skrnh,sekarang
4220,cerdiik,cerdik
4221,jeniuss,jenius
4222,kurangin,kurangi
4223,kreen,keren
4224,s'lalu,selalu
4225,mauuuuuu,mau
4226,mintk,minta
4227,nyolong,mencolong
4228,pnjng,panjang
4229,slaluuuuu,selalu
4230,kanggggg,kang
4231,rezeqinya,rezekinya
4232,pintr,pintar
4233,dekk,dek
4234,kura2,kura-kura
4235,edaaann,edan
4236,nempel,menempel
4237,hatiiii,hati
4238,sukkaa,suka
4239,luuuucuuu,lucu
4240,caantiiik,cantik
4241,luucuuu,lucu
4242,putihh,putih
4243,"terus""an",terus-terusan
4244,siiih,sih
4245,ternyataa,ternyata
4246,pollll,pol
4247,sekaliiii,sekali
4248,peduliin,mempedulikan
4249,komntr,komentar
4250,smngat,semangat
4251,dosax,dosanya
4252,pahalax,pahalanya
4253,akhirt,akhirat
4254,tinggalkn,tinggalkan
4255,rumh,rumah
4256,mk,maka
4257,trhtung,terhitung
4258,naaaa,nya
4259,ademmm,adem
4260,cerdass,cerdas
4261,tambahh,tambah
4262,polll,pol
4263,didengerin,didengarkan
4264,mantapppppp,mantap
4265,ngerespon,merespons
4266,dulurrr,dulur
4267,brusaha,berusaha
4268,lebh,lebih
4269,amin2,amin-amin
4270,positippp,positif
4271,jauuhhh,jauh
4272,brhjb,berhijab
4273,mdh2n,mudah-mudahan
4274,slmnya,salamnya
4275,jlbb,jilbab
4276,dempga,semoga
4277,selmnya,selamanya
4278,tth,teteh
4279,otot2,otot-otot
4280,lengkeeett,lengket
4281,caaannnttiikkk,cantik
4282,trusss,terus
4283,ademm,adem
4284,apalagiii,apalagi
4285,passs,pas
4286,beginii,begini
4287,satuu,satu
4288,cuantek,cantik
4289,akuuuur,akur
4290,iniehh,ini
4291,sayangx,sayangnya
4292,jodohx,jodohnya
4293,kaliaan,kalian
4294,haslnya,hasilnya
4295,kencng,kencang
4296,pmbantu,pembantu
4297,kmbl,kembali
4298,cuchook,cocok
4299,kloop,klop
4300,sempurnaa,sempurna
4301,klihatan,kelihatan
4302,cintax,cintanya
4303,pnuh,penuh
4304,ngrti,mengerti
4305,"mudah""an",mudah-mudahan
4306,"segala""ny",segala-galanya
4307,mantanny,mantannya
4308,jodohny,jodohnya
4309,cantk,cantik
4310,ituuu,itu
4311,kaasian,kasihan
4312,padhl,padahal
4313,"ank""",anak-anak
4314,pkrin,pikirkan
4315,anakx,anaknya
4316,sia2kan,sia-siakan
4317,naaahhh,nah
4318,beluumm,belum
4319,sayangggq,sayangku
4320,kreean,keren
4321,ciiieee,cie
4322,cieee,cie
4323,cieeee,cie
4324,berenanh,berenang
4325,pacarr,pacar
4326,bingitss,banget
4327,besokkk,besok
4328,annnnjjjjjjrrrr,anjir
4329,ngeliatin,melihati
4330,ngumbar2,mengumbar-umbar
4331,romantiss,romantis
4332,cocook,cocok
4333,lucuuuuuuuu,lucu
4334,kaaaaaann,kan
4335,nyaaaaaaa,nya
4336,lgs,langsung
4337,yaang,yang
4338,bangedt,banget
4339,gde,gede
4340,lutunaaa,lucunya
4341,bikinnn,bikin
4342,keee,ke
4343,bungkuuussss,bungkus
4344,lucux,lucunya
4345,buanyaaak,banyak
4346,aaamiiinnn,amin
4347,aaamiiin,amin
4348,ntap,mantap
4349,abgnyaah,abangnya
4350,mungkiin,mungkin
4351,akuhh,aku
4352,manteb,mantap
4353,hiduupppp,hidup
4354,tebel,tebal
4355,nganggepin,menanggapi
4356,"mentang""",mentang-mentang
4357,najiss,najis
4358,perjabatt,pejabat
4359,makany,makanya
4360,benneeeeeerr,benar
4361,krjaan,pekerjaan
4362,kdng,kadang
4363,kdang,kadang
4364,knan,kanan
4365,anak'y,anaknya
4366,trknal,terkenal
4367,"gtu""",begitu-gitu
4368,klok,kalo
4369,aamiiiinnnnn,amin
4370,pengennnn,pengin
4371,guw,gue
4372,siiiiiiippppppppp,sip
4373,selaloe,selalu
4374,donggg,dong
4375,beruntungnyaaaa,beruntungnya
4376,soal'y,soalnya
4377,prhatian,perhatian
4378,hebaat,hebat
4379,ampunn,ampun
4380,gueeeee,gue
4381,liatt,lihat
4382,gehh,gih
4383,ankknyaaa,anaknya
4384,centilnyaaaaaa,centilnya
4385,gemesshzzzzhzzhzhzhsjssjs,gemas
4386,ngacaaa,mengaca
4387,diaaa,dia
4388,jirr,anjir
4389,kayaa,kaya
4390,cempreeng,cempreng
4391,centillll,centil
4392,pcran,pacaran
4393,anedh,banget
4394,ampyunnnn,ampun
4395,boro2,boro-boro
4396,nyta,nyata
4397,kampungn,kampungan
4398,j,saja
4399,mnghina,menghina
4400,ngolokin,mengolok
4401,blum,belum
4402,"syirik""",syirik-syirik
4403,than,tahan
4404,dsr,dasar
4405,siriik,sirik
4406,mampuuu,mampu
4407,aduuhh,aduh
4408,cemburuu,cemburu
4409,bingitzzzz,banget
4410,tlog,tolong
4411,apasihhh,apasih
4412,sirikk,sirik
4413,dbnding,dibanding
4414,nrka,neraka
4415,s3ndiri,sendiri
4416,bhgiain,membahagiakan
4417,kdua,kedua
4418,prcya,percaya
4419,bhagaia,bahagia
4420,cuco,cocok
4421,genittt,genit
4422,kx,kak
4423,mlikk,milik
4424,"mentah""",mentah-mentah
4425,canci,cantik
4426,aneed,banget
4427,gimanaa,bagaimana
4428,lainnn,lain
4429,pentingg,penting
4430,bagaimanaaa,bagaimana
4431,krudung,kerudung
4432,enakkkkk,enak
4433,poool,pol
4434,jirrrr,anjir
4435,oprasiya,operasinya
4436,uwee,gue
4437,pilihannny,pilihannya
4438,itumahh,itumah
4439,muuuu,mu
4440,uuhhh,uh
4441,berbakiti,berbakti
4442,alhamd,alhamdulillah
4443,slmttt,selamat
4444,ucapin,mengucapkan
4445,tetp,tetap
4446,ditengah2,ditengah-tengah
4447,semuanyaa,semuanya
4448,semuannyaaa,semuanya
4449,aminn2,amin-amin
4450,abs,habis
4451,kebnyak'an,kebanyakan
4452,melahirin,melahirkan
4453,aduuuh,aduh
4454,cakeep,cakep
4455,lhooo,loh
4456,kamuuuu,kamu
4457,bagi2,bagi-bagi
4458,gimn,bagaimana
4459,smogaaa,semoga
4460,aamien,amien
4461,lngsing,langsing
4462,wowoooww,wow
4463,smulla,semula
4464,pdhall,padahal
4465,blln,bulan
4466,senang2,senang-senang
4467,jh,saja
4468,kereeennnn,keren
4469,gilakkk,gila
4470,gtu2,begitu-gitu
4471,cpet,cepat
4472,gataunya,enggak taunya
4473,gtau,enggak tau
4474,fans2,fan-fan
4475,gaharus,enggak harus
